"interaction","name","selected","shared interaction","shared name","stringdb::coexpression","stringdb::cooccurrence","stringdb::databases","stringdb::experiments","stringdb::interspecies","stringdb::neighborhood","stringdb::score","stringdb::textmining"
"pp","PDK4 (pp) CPT1A","false","pp","PDK4 (pp) CPT1A","0.062",,,,,,"0.71","0.704"
"pp","PDK4 (pp) FAM210B","false","pp","PDK4 (pp) FAM210B","0.063",,,,,,"0.403","0.39"
"pp","SPATA20 (pp) UBXN6","false","pp","SPATA20 (pp) UBXN6",,,,,,,"0.412","0.413"
"pp","TNFRSF17 (pp) FCRL5","false","pp","TNFRSF17 (pp) FCRL5","0.08",,,,,,"0.437","0.414"
"pp","TNFRSF17 (pp) SLAMF7","false","pp","TNFRSF17 (pp) SLAMF7","0.09",,,,,,"0.572","0.549"
"pp","TNFRSF17 (pp) TNFRSF9","false","pp","TNFRSF17 (pp) TNFRSF9",,,,,,,"0.459","0.46"
"pp","TNFRSF17 (pp) CD200","false","pp","TNFRSF17 (pp) CD200",,,,,,,"0.43","0.43"
"pp","TNFRSF17 (pp) CD8A","false","pp","TNFRSF17 (pp) CD8A",,,,,,,"0.4","0.4"
"pp","UTS2 (pp) XCL1","false","pp","UTS2 (pp) XCL1",,,"0.5",,,,"0.499",
"pp","TNS1 (pp) ITGB3","false","pp","TNS1 (pp) ITGB3","0.093",,,"0.109",,,"0.739","0.702"
"pp","TNS1 (pp) SLC4A1","false","pp","TNS1 (pp) SLC4A1","0.665",,,,,,"0.666","0.045"
"pp","TNS1 (pp) IGF1R","false","pp","TNS1 (pp) IGF1R","0.053",,,"0.219",,,"0.607","0.511"
"pp","TNS1 (pp) BCL2L1","false","pp","TNS1 (pp) BCL2L1","0.253",,,"0.076",,,"0.492","0.324"
"pp","CEACAM6 (pp) PDZK1IP1","false","pp","CEACAM6 (pp) PDZK1IP1","0.153",,,,,,"0.432","0.357"
"pp","CEACAM6 (pp) DEFA4","false","pp","CEACAM6 (pp) DEFA4","0.314",,,,,,"0.645","0.505"
"pp","CEACAM6 (pp) CEACAM8","false","pp","CEACAM6 (pp) CEACAM8","0.323",,"0.3","0.849",,,"0.924","0.061"
"pp","CEACAM6 (pp) OLFM4","false","pp","CEACAM6 (pp) OLFM4","0.16",,,,,,"0.4","0.315"
"pp","CEACAM6 (pp) LCN2","false","pp","CEACAM6 (pp) LCN2","0.525",,,,,,"0.65","0.294"
"pp","USP18 (pp) PARP14","false","pp","USP18 (pp) PARP14","0.48",,,,,,"0.661","0.376"
"pp","USP18 (pp) IFI6","false","pp","USP18 (pp) IFI6","0.588",,,,,,"0.813","0.566"
"pp","USP18 (pp) OASL","false","pp","USP18 (pp) OASL","0.779",,,"0.172",,,"0.915","0.575"
"pp","USP18 (pp) OAS3","false","pp","USP18 (pp) OAS3","0.746",,,,,,"0.875","0.53"
"pp","USP18 (pp) CMPK2","false","pp","USP18 (pp) CMPK2","0.523",,,,,,"0.736","0.47"
"pp","USP18 (pp) LY6E","false","pp","USP18 (pp) LY6E","0.135",,,,,,"0.437","0.376"
"pp","USP18 (pp) ISG15","false","pp","USP18 (pp) ISG15","0.83",,"0.9","0.898",,,"0.999","0.965"
"pp","USP18 (pp) RSAD2","false","pp","USP18 (pp) RSAD2","0.882",,,,,,"0.964","0.716"
"pp","USP18 (pp) IFIT3","false","pp","USP18 (pp) IFIT3","0.798",,,"0.126",,,"0.941","0.696"
"pp","USP18 (pp) SIGLEC1","false","pp","USP18 (pp) SIGLEC1","0.101",,,,,,"0.45","0.414"
"pp","USP18 (pp) IFI44L","false","pp","USP18 (pp) IFI44L","0.712",,,,,,"0.882","0.609"
"pp","USP18 (pp) MX1","false","pp","USP18 (pp) MX1","0.812",,"0.9","0.115",,,"0.994","0.704"
"pp","USP18 (pp) HERC5","false","pp","USP18 (pp) HERC5","0.632",,,"0.159",,,"0.912","0.741"
"pp","USP18 (pp) EPSTI1","false","pp","USP18 (pp) EPSTI1","0.118",,,,,,"0.423","0.373"
"pp","USP18 (pp) IFI44","false","pp","USP18 (pp) IFI44","0.666",,,,,,"0.881","0.659"
"pp","USP18 (pp) IFIT1","false","pp","USP18 (pp) IFIT1","0.852",,"0.9","0.126",,,"0.995","0.721"
"pp","USP18 (pp) JAK1","false","pp","USP18 (pp) JAK1","0.053",,"0.9","0.058",,,"0.958","0.592"
"pp","USP18 (pp) CXCL10","false","pp","USP18 (pp) CXCL10","0.312",,,,,,"0.643","0.503"
"pp","PVALB (pp) GYPE","false","pp","PVALB (pp) GYPE",,,,,,,"0.662","0.662"
"pp","PVALB (pp) NRG1","false","pp","PVALB (pp) NRG1",,,,,,,"0.601","0.602"
"pp","PVALB (pp) ANK3","false","pp","PVALB (pp) ANK3","0.118",,,"0.078",,,"0.526","0.465"
"pp","PVALB (pp) S100B","false","pp","PVALB (pp) S100B","0.171",,,"0.164",,,"0.652","0.54"
"pp","PVALB (pp) ASPM","false","pp","PVALB (pp) ASPM","0.066",,,"0.371",,,"0.492","0.206"
"pp","GZMH (pp) CST7","false","pp","GZMH (pp) CST7","0.544",,,,,,"0.634","0.23"
"pp","GZMH (pp) KLRB1","false","pp","GZMH (pp) KLRB1","0.332",,,,,,"0.509","0.296"
"pp","GZMH (pp) FGFBP2","false","pp","GZMH (pp) FGFBP2","0.33",,,,,,"0.629","0.469"
"pp","GZMH (pp) GZMK","false","pp","GZMH (pp) GZMK","0.678","0.1",,,,,"0.734","0.157"
"pp","GZMH (pp) TIGIT","false","pp","GZMH (pp) TIGIT","0.267",,,,,,"0.435","0.261"
"pp","GZMH (pp) GNLY","false","pp","GZMH (pp) GNLY","0.792",,,,,,"0.912","0.596"
"pp","GZMH (pp) KLRD1","false","pp","GZMH (pp) KLRD1","0.563",,,,,,"0.674","0.285"
"pp","GZMH (pp) PRF1","false","pp","GZMH (pp) PRF1","0.783",,,,,,"0.89","0.518"
"pp","GZMH (pp) KLRF1","false","pp","GZMH (pp) KLRF1","0.329",,,,,,"0.573","0.391"
"pp","GZMH (pp) CD8A","false","pp","GZMH (pp) CD8A","0.783",,,,,,"0.875","0.452"
"pp","GZMH (pp) CD8B","false","pp","GZMH (pp) CD8B","0.161",,,,,,"0.431","0.35"
"pp","GZMH (pp) CTSW","false","pp","GZMH (pp) CTSW","0.293",,,,,,"0.608","0.469"
"pp","TUBB1 (pp) LCN2","false","pp","TUBB1 (pp) LCN2",,,,,,,"0.431","0.431"
"pp","TUBB1 (pp) ITGA2B","false","pp","TUBB1 (pp) ITGA2B","0.185",,,,,,"0.482","0.391"
"pp","TUBB1 (pp) SELENBP1","false","pp","TUBB1 (pp) SELENBP1",,,,,,,"0.433","0.433"
"pp","OLFM4 (pp) MMP8","false","pp","OLFM4 (pp) MMP8","0.12",,,,,,"0.443","0.394"
"pp","OLFM4 (pp) DEFA4","false","pp","OLFM4 (pp) DEFA4","0.155",,,,,,"0.535","0.473"
"pp","OLFM4 (pp) CST7","false","pp","OLFM4 (pp) CST7",,,,,,,"0.455","0.455"
"pp","OLFM4 (pp) NOD2","false","pp","OLFM4 (pp) NOD2",,,,"0.345",,,"0.485","0.246"
"pp","OLFM4 (pp) CD177","false","pp","OLFM4 (pp) CD177","0.088",,,,,,"0.547","0.524"
"pp","OLFM4 (pp) LCN2","false","pp","OLFM4 (pp) LCN2","0.239",,,,,,"0.534","0.413"
"pp","OLFM4 (pp) CEACAM8","false","pp","OLFM4 (pp) CEACAM8","0.185",,,,,,"0.422","0.32"
"pp","OLFM4 (pp) LTF","false","pp","OLFM4 (pp) LTF","0.182",,,,,,"0.478","0.388"
"pp","P2RX1 (pp) P2RY12","false","pp","P2RX1 (pp) P2RY12","0.07",,,,,,"0.913","0.91"
"pp","P2RX1 (pp) NT5E","false","pp","P2RX1 (pp) NT5E",,,,,,,"0.464","0.465"
"pp","PF4V1 (pp) CXCL10","false","pp","PF4V1 (pp) CXCL10","0.054",,"0.8","0.237",,,"0.919","0.506"
"pp","OAS3 (pp) EPSTI1","false","pp","OAS3 (pp) EPSTI1","0.177",,,,,,"0.535","0.459"
"pp","OAS3 (pp) PARP14","false","pp","OAS3 (pp) PARP14","0.211",,,"0.331",,,"0.606","0.314"
"pp","OAS3 (pp) ISG15","false","pp","OAS3 (pp) ISG15","0.828",,"0.9",,,,"0.994","0.716"
"pp","OAS3 (pp) LY6E","false","pp","OAS3 (pp) LY6E","0.325",,,,,,"0.626","0.469"
"pp","OAS3 (pp) CMPK2","false","pp","OAS3 (pp) CMPK2","0.273",,,,,,"0.488","0.325"
"pp","OAS3 (pp) IFI44L","false","pp","OAS3 (pp) IFI44L","0.787",,,,,,"0.929","0.681"
"pp","OAS3 (pp) IFI6","false","pp","OAS3 (pp) IFI6","0.781",,"0.9",,,,"0.991","0.652"
"pp","OAS3 (pp) IFI44","false","pp","OAS3 (pp) IFI44","0.786",,,,,,"0.928","0.681"
"pp","OAS3 (pp) OASL","false","pp","OAS3 (pp) OASL","0.791",,,,,,"0.819","0.175"
"pp","OAS3 (pp) MX1","false","pp","OAS3 (pp) MX1","0.794",,"0.9",,,,"0.993","0.733"
"pp","OAS3 (pp) IFIT3","false","pp","OAS3 (pp) IFIT3","0.79",,"0.9","0.329",,,"0.995","0.698"
"pp","OAS3 (pp) CXCL10","false","pp","OAS3 (pp) CXCL10","0.331",,,,,,"0.631","0.472"
"pp","OAS3 (pp) RSAD2","false","pp","OAS3 (pp) RSAD2","0.787",,"0.9","0.335",,,"0.994","0.635"
"pp","OAS3 (pp) IFIT1","false","pp","OAS3 (pp) IFIT1","0.785",,"0.9","0.256",,,"0.994","0.717"
"pp","OAS3 (pp) HERC5","false","pp","OAS3 (pp) HERC5","0.752",,,,,,"0.887","0.567"
"pp","KLRB1 (pp) FCER1A","false","pp","KLRB1 (pp) FCER1A","0.211",,,,,,"0.408","0.281"
"pp","KLRB1 (pp) KIR2DL3","false","pp","KLRB1 (pp) KIR2DL3","0.11",,,,,,"0.685","0.661"
"pp","KLRB1 (pp) GZMK","false","pp","KLRB1 (pp) GZMK","0.722",,,,,,"0.815","0.364"
"pp","KLRB1 (pp) FGFBP2","false","pp","KLRB1 (pp) FGFBP2","0.136",,,,,,"0.507","0.453"
"pp","KLRB1 (pp) GNLY","false","pp","KLRB1 (pp) GNLY","0.37",,,,,,"0.616","0.416"
"pp","KLRB1 (pp) TIGIT","false","pp","KLRB1 (pp) TIGIT","0.16",,,,,,"0.423","0.342"
"pp","KLRB1 (pp) KLRC4","false","pp","KLRB1 (pp) KLRC4","0.099",,,,,,"0.433","0.397"
"pp","KLRB1 (pp) IL23R","false","pp","KLRB1 (pp) IL23R","0.062",,,,,,"0.603","0.595"
"pp","KLRB1 (pp) PRF1","false","pp","KLRB1 (pp) PRF1","0.273",,,,,,"0.723","0.635"
"pp","KLRB1 (pp) KLRD1","false","pp","KLRB1 (pp) KLRD1","0.227",,,,,,"0.425","0.287"
"pp","KLRB1 (pp) CD8A","false","pp","KLRB1 (pp) CD8A","0.334",,,,,,"0.798","0.71"
"pp","GZMK (pp) FGFBP2","false","pp","GZMK (pp) FGFBP2","0.214",,,,,,"0.494","0.383"
"pp","GZMK (pp) KLRG1","false","pp","GZMK (pp) KLRG1","0.136",,,,,,"0.518","0.465"
"pp","GZMK (pp) GNLY","false","pp","GZMK (pp) GNLY","0.243",,,,,,"0.65","0.557"
"pp","GZMK (pp) TIGIT","false","pp","GZMK (pp) TIGIT","0.275",,,,,,"0.559","0.417"
"pp","GZMK (pp) XCL1","false","pp","GZMK (pp) XCL1","0.134",,,,,,"0.419","0.357"
"pp","GZMK (pp) CST7","false","pp","GZMK (pp) CST7","0.268",,,,,,"0.458","0.29"
"pp","GZMK (pp) CTSW","false","pp","GZMK (pp) CTSW","0.123",,,,,,"0.475","0.427"
"pp","GZMK (pp) KLRD1","false","pp","GZMK (pp) KLRD1","0.198",,,,,,"0.491","0.392"
"pp","GZMK (pp) KLRF1","false","pp","GZMK (pp) KLRF1","0.196",,,,,,"0.441","0.334"
"pp","GZMK (pp) PRF1","false","pp","GZMK (pp) PRF1","0.287",,,,,,"0.756","0.672"
"pp","GZMK (pp) CD160","false","pp","GZMK (pp) CD160","0.077",,,,,,"0.475","0.455"
"pp","GZMK (pp) CD8B","false","pp","GZMK (pp) CD8B","0.221",,,,,,"0.535","0.429"
"pp","GZMK (pp) CD8A","false","pp","GZMK (pp) CD8A","0.777",,,,,,"0.896","0.556"
"pp","SPARC (pp) CLU","false","pp","SPARC (pp) CLU","0.094",,,,,,"0.423","0.39"
"pp","SPARC (pp) MMP9","false","pp","SPARC (pp) MMP9","0.062",,,,,,"0.517","0.507"
"pp","SPARC (pp) SPP1","false","pp","SPARC (pp) SPP1","0.098",,,,,,"0.876","0.868"
"pp","SPARC (pp) ALPL","false","pp","SPARC (pp) ALPL","0.078",,,,,,"0.559","0.542"
"pp","SPARC (pp) THBS1","false","pp","SPARC (pp) THBS1","0.096",,,"0.213",,,"0.769","0.701"
"pp","LTF (pp) DEFA4","false","pp","LTF (pp) DEFA4","0.284",,,,,,"0.633","0.509"
"pp","LTF (pp) TCN1","false","pp","LTF (pp) TCN1","0.139",,,,,,"0.643","0.603"
"pp","LTF (pp) BPI","false","pp","LTF (pp) BPI","0.184",,,,,,"0.425","0.325"
"pp","LTF (pp) HP","false","pp","LTF (pp) HP","0.17",,,"0.169",,,"0.586","0.448"
"pp","LTF (pp) CD274","false","pp","LTF (pp) CD274","0.062",,,,,,"0.407","0.394"
"pp","LTF (pp) MMP8","false","pp","LTF (pp) MMP8","0.183",,,,,,"0.54","0.46"
"pp","LTF (pp) CEACAM8","false","pp","LTF (pp) CEACAM8","0.325",,,,,,"0.46","0.233"
"pp","LTF (pp) MMP9","false","pp","LTF (pp) MMP9","0.154",,,,,,"0.415","0.337"
"pp","LTF (pp) CD8A","false","pp","LTF (pp) CD8A","0.069",,,,,,"0.474","0.459"
"pp","LTF (pp) CD177","false","pp","LTF (pp) CD177","0.097",,,"0.27",,,"0.525","0.338"
"pp","LTF (pp) CLU","false","pp","LTF (pp) CLU","0.062",,"0.6","0.27",,,"0.984","0.948"
"pp","LTF (pp) CAMP","false","pp","LTF (pp) CAMP","0.23",,,,,,"0.455","0.322"
"pp","LTF (pp) LCN2","false","pp","LTF (pp) LCN2","0.187",,,"0.154",,,"0.667","0.556"
"pp","CD160 (pp) KLRG1","false","pp","CD160 (pp) KLRG1",,,,,,,"0.684","0.684"
"pp","CD160 (pp) CD274","false","pp","CD160 (pp) CD274",,,,,,,"0.616","0.617"
"pp","CD160 (pp) TIGIT","false","pp","CD160 (pp) TIGIT",,,,,,,"0.681","0.681"
"pp","CD160 (pp) CD8A","false","pp","CD160 (pp) CD8A","0.077",,,,,,"0.692","0.681"
"pp","CD160 (pp) ACKR1","false","pp","CD160 (pp) ACKR1",,,,,,,"0.561","0.561"
"pp","CD160 (pp) KLRF1","false","pp","CD160 (pp) KLRF1","0.177",,,,,,"0.488","0.404"
"pp","CD160 (pp) PRF1","false","pp","CD160 (pp) PRF1","0.1",,,,,,"0.55","0.522"
"pp","CD160 (pp) KLRD1","false","pp","CD160 (pp) KLRD1","0.185",,,,,,"0.579","0.505"
"pp","CD160 (pp) TNFRSF9","false","pp","CD160 (pp) TNFRSF9",,,,,,,"0.523","0.524"
"pp","MMP8 (pp) CXCL10","false","pp","MMP8 (pp) CXCL10",,,,,,,"0.407","0.408"
"pp","MMP8 (pp) THBS1","false","pp","MMP8 (pp) THBS1","0.062",,,,,,"0.409","0.396"
"pp","MMP8 (pp) TCN1","false","pp","MMP8 (pp) TCN1","0.167",,,,,,"0.57","0.506"
"pp","MMP8 (pp) CXCL5","false","pp","MMP8 (pp) CXCL5","0.062",,,,,,"0.436","0.423"
"pp","MMP8 (pp) DEFA4","false","pp","MMP8 (pp) DEFA4","0.337",,,,,,"0.632","0.469"
"pp","MMP8 (pp) LCN2","false","pp","MMP8 (pp) LCN2","0.097",,,,,,"0.595","0.57"
"pp","MMP8 (pp) CAMP","false","pp","MMP8 (pp) CAMP","0.228",,,,,,"0.423","0.283"
"pp","MMP8 (pp) CXCL8","false","pp","MMP8 (pp) CXCL8","0.114",,,,,,"0.683","0.657"
"pp","MMP8 (pp) CD177","false","pp","MMP8 (pp) CD177","0.108",,,,,,"0.436","0.395"
"pp","MMP8 (pp) CRISP3","false","pp","MMP8 (pp) CRISP3","0.179",,,,,,"0.416","0.318"
"pp","MMP8 (pp) SPP1","false","pp","MMP8 (pp) SPP1","0.062",,,,,,"0.468","0.457"
"pp","MMP8 (pp) MMP9","false","pp","MMP8 (pp) MMP9","0.547",,,,,,"0.651","0.263"
"pp","MMP8 (pp) CEACAM8","false","pp","MMP8 (pp) CEACAM8","0.21",,,,,,"0.418","0.294"
"pp","MMP8 (pp) ARG1","false","pp","MMP8 (pp) ARG1","0.142",,,,,,"0.403","0.334"
"pp","GSTM2 (pp) CYP1B1","false","pp","GSTM2 (pp) CYP1B1",,,"0.65","0.057",,,"0.772","0.367"
"pp","GSTM2 (pp) GSTM1","false","pp","GSTM2 (pp) GSTM1","0.83","0.049","0.65","0.462",,,"0.966","0.056"
"pp","CEACAM8 (pp) CD177","false","pp","CEACAM8 (pp) CD177",,,,,,,"0.412","0.413"
"pp","CEACAM8 (pp) BPI","false","pp","CEACAM8 (pp) BPI","0.727",,,,,,"0.807","0.323"
"pp","CEACAM8 (pp) LGALS3","false","pp","CEACAM8 (pp) LGALS3",,,,,,,"0.899","0.899"
"pp","CEACAM8 (pp) CXCL8","false","pp","CEACAM8 (pp) CXCL8",,,,,,,"0.51","0.51"
"pp","CEACAM8 (pp) CD274","false","pp","CEACAM8 (pp) CD274",,,,,,,"0.424","0.425"
"pp","CEACAM8 (pp) CAMP","false","pp","CEACAM8 (pp) CAMP","0.56",,,,,,"0.664","0.268"
"pp","CEACAM8 (pp) GYPA","false","pp","CEACAM8 (pp) GYPA",,,,,,,"0.69","0.69"
"pp","CEACAM8 (pp) DEFA4","false","pp","CEACAM8 (pp) DEFA4","0.771",,,,,,"0.88","0.501"
"pp","CEACAM8 (pp) ARG1","false","pp","CEACAM8 (pp) ARG1","0.152",,,,,,"0.574","0.519"
"pp","CEACAM8 (pp) ITGA2B","false","pp","CEACAM8 (pp) ITGA2B",,,,,,,"0.513","0.514"
"pp","CEACAM8 (pp) CD24","false","pp","CEACAM8 (pp) CD24",,,,,,,"0.459","0.459"
"pp","CEACAM8 (pp) CD8A","false","pp","CEACAM8 (pp) CD8A",,,,,,,"0.562","0.562"
"pp","CEACAM8 (pp) RNASE3","false","pp","CEACAM8 (pp) RNASE3","0.313",,,,,,"0.436","0.213"
"pp","TMOD2 (pp) MYL4","false","pp","TMOD2 (pp) MYL4","0.063",,"0.6",,,,"0.611","0.047"
"pp","TMOD2 (pp) TMOD1","false","pp","TMOD2 (pp) TMOD1",,,"0.9",,,,"0.903","0.07"
"pp","NDUFA2 (pp) COX7C","false","pp","NDUFA2 (pp) COX7C","0.902",,,"0.702",,,"0.981","0.43"
"pp","NDUFA2 (pp) APOBEC3B","false","pp","NDUFA2 (pp) APOBEC3B","0.082",,,"0.529",,,"0.557","0.058"
"pp","NDUFA2 (pp) C14orf2","false","pp","NDUFA2 (pp) C14orf2","0.43",,,,,,"0.445","0.068"
"pp","LGALS3 (pp) ITGB3","false","pp","LGALS3 (pp) ITGB3","0.09",,,,,,"0.733","0.718"
"pp","LGALS3 (pp) ACTA2","false","pp","LGALS3 (pp) ACTA2","0.062",,,"0.284",,,"0.556","0.392"
"pp","LGALS3 (pp) CD8A","false","pp","LGALS3 (pp) CD8A",,,,,,,"0.557","0.558"
"pp","LGALS3 (pp) SIGLEC1","false","pp","LGALS3 (pp) SIGLEC1","0.062",,,"0.058",,,"0.526","0.507"
"pp","LGALS3 (pp) MMP9","false","pp","LGALS3 (pp) MMP9","0.073",,,,,,"0.729","0.72"
"pp","LGALS3 (pp) SPP1","false","pp","LGALS3 (pp) SPP1","0.095",,,,,,"0.533","0.506"
"pp","LGALS3 (pp) ABCC4","false","pp","LGALS3 (pp) ABCC4",,,,"0.471",,,"0.475","0.049"
"pp","LGALS3 (pp) ARG1","false","pp","LGALS3 (pp) ARG1",,,,,,,"0.467","0.467"
"pp","LGALS3 (pp) CLU","false","pp","LGALS3 (pp) CLU",,,,,,,"0.667","0.667"
"pp","LGALS3 (pp) LCN2","false","pp","LGALS3 (pp) LCN2","0.096",,,,,,"0.498","0.468"
"pp","LGALS3 (pp) CXCL8","false","pp","LGALS3 (pp) CXCL8","0.097",,,,,,"0.531","0.502"
"pp","CMPK2 (pp) MX1","false","pp","CMPK2 (pp) MX1","0.75",,,,,,"0.869","0.5"
"pp","CMPK2 (pp) OASL","false","pp","CMPK2 (pp) OASL","0.708",,,,,,"0.804","0.358"
"pp","CMPK2 (pp) GUK1","false","pp","CMPK2 (pp) GUK1","0.062",,,,,,"0.41","0.397"
"pp","CMPK2 (pp) HERC5","false","pp","CMPK2 (pp) HERC5","0.311",,,,,,"0.605","0.451"
"pp","CMPK2 (pp) PARP14","false","pp","CMPK2 (pp) PARP14","0.377",,,,,,"0.523","0.267"
"pp","CMPK2 (pp) IFI6","false","pp","CMPK2 (pp) IFI6","0.226",,,,,,"0.506","0.388"
"pp","CMPK2 (pp) IFI44L","false","pp","CMPK2 (pp) IFI44L","0.374",,,,,,"0.652","0.467"
"pp","CMPK2 (pp) NT5E","false","pp","CMPK2 (pp) NT5E",,,"0.9",,,,"0.9","0.044"
"pp","CMPK2 (pp) IFI44","false","pp","CMPK2 (pp) IFI44","0.366",,,,,,"0.655","0.478"
"pp","CMPK2 (pp) IFIT1","false","pp","CMPK2 (pp) IFIT1","0.63",,,,,"0.048","0.811","0.508"
"pp","CMPK2 (pp) RSAD2","false","pp","CMPK2 (pp) RSAD2","0.909",,,,,,"0.974","0.729"
"pp","CMPK2 (pp) CXCL10","false","pp","CMPK2 (pp) CXCL10","0.328",,,,,,"0.507","0.298"
"pp","CMPK2 (pp) IFIT3","false","pp","CMPK2 (pp) IFIT3","0.724",,,,,"0.048","0.835","0.424"
"pp","CMPK2 (pp) EPSTI1","false","pp","CMPK2 (pp) EPSTI1","0.357",,,,,,"0.702","0.557"
"pp","CMPK2 (pp) ISG15","false","pp","CMPK2 (pp) ISG15","0.38",,,,,,"0.654","0.466"
"pp","SPX (pp) HERC5","false","pp","SPX (pp) HERC5",,,,,,,"0.41","0.411"
"pp","DSC1 (pp) JUP","false","pp","DSC1 (pp) JUP","0.062",,"0.6","0.548",,,"0.948","0.733"
"pp","TCN1 (pp) MS4A3","false","pp","TCN1 (pp) MS4A3","0.114",,,,,,"0.629","0.599"
"pp","TCN1 (pp) LCN2","false","pp","TCN1 (pp) LCN2","0.306",,,,,,"0.455","0.248"
"pp","OASL (pp) RPL31","false","pp","OASL (pp) RPL31","0.192",,,"0.343",,,"0.483","0.106"
"pp","OASL (pp) ISG15","false","pp","OASL (pp) ISG15","0.834",,"0.9",,,,"0.994","0.719"
"pp","OASL (pp) LY6E","false","pp","OASL (pp) LY6E","0.162",,,,,,"0.577","0.517"
"pp","OASL (pp) RSAD2","false","pp","OASL (pp) RSAD2","0.801",,"0.9",,,,"0.993","0.716"
"pp","OASL (pp) IFIT3","false","pp","OASL (pp) IFIT3","0.848",,"0.9","0.16",,,"0.995","0.712"
"pp","OASL (pp) PARP14","false","pp","OASL (pp) PARP14","0.288",,,,,,"0.437","0.242"
"pp","OASL (pp) IFI6","false","pp","OASL (pp) IFI6","0.781",,"0.9",,,,"0.991","0.654"
"pp","OASL (pp) RPL35A","false","pp","OASL (pp) RPL35A","0.186",,,"0.344",,,"0.455","0.063"
"pp","OASL (pp) EPSTI1","false","pp","OASL (pp) EPSTI1","0.251",,,,,,"0.443","0.287"
"pp","OASL (pp) DOCK4","false","pp","OASL (pp) DOCK4","0.106",,,"0.348",,,"0.416","0.08"
"pp","OASL (pp) IFI44","false","pp","OASL (pp) IFI44","0.788",,,,,,"0.93","0.686"
"pp","OASL (pp) IFIT1","false","pp","OASL (pp) IFIT1","0.896",,"0.9","0.16",,,"0.997","0.783"
"pp","OASL (pp) CXCL10","false","pp","OASL (pp) CXCL10","0.639",,,,,,"0.82","0.523"
"pp","OASL (pp) IFI44L","false","pp","OASL (pp) IFI44L","0.782",,,,,,"0.921","0.654"
"pp","OASL (pp) RPS27","false","pp","OASL (pp) RPS27","0.167",,,"0.346",,,"0.447","0.067"
"pp","OASL (pp) MX1","false","pp","OASL (pp) MX1","0.963",,"0.9","0.149",,,"0.999","0.795"
"pp","OASL (pp) HERC5","false","pp","OASL (pp) HERC5","0.787",,,"0.167",,,"0.916","0.569"
"pp","OASL (pp) RPS7","false","pp","OASL (pp) RPS7","0.186",,,"0.382",,,"0.491","0.07"
"pp","NT5E (pp) CDA","false","pp","NT5E (pp) CDA","0.065",,"0.9",,,"0.295","0.937","0.161"
"pp","NT5E (pp) TIGIT","false","pp","NT5E (pp) TIGIT",,,,,,,"0.452","0.452"
"pp","NT5E (pp) ALPL","false","pp","NT5E (pp) ALPL","0.052",,,,,"0.076","0.533","0.51"
"pp","NT5E (pp) QSOX1","false","pp","NT5E (pp) QSOX1","0.077",,,,,,"0.416","0.394"
"pp","NT5E (pp) ACTA2","false","pp","NT5E (pp) ACTA2","0.049",,,,,,"0.407","0.403"
"pp","NT5E (pp) CD274","false","pp","NT5E (pp) CD274","0.088",,,,,,"0.671","0.655"
"pp","NT5E (pp) CD200","false","pp","NT5E (pp) CD200",,,,,,,"0.463","0.464"
"pp","NT5E (pp) GYPA","false","pp","NT5E (pp) GYPA",,,,,,,"0.463","0.464"
"pp","NT5E (pp) CXCL8","false","pp","NT5E (pp) CXCL8","0.076",,,,,,"0.53","0.512"
"pp","NT5E (pp) GUK1","false","pp","NT5E (pp) GUK1","0.062",,"0.9",,,,"0.904","0.059"
"pp","NT5E (pp) IDO1","false","pp","NT5E (pp) IDO1",,,,,,,"0.523","0.524"
"pp","NT5E (pp) PRF1","false","pp","NT5E (pp) PRF1",,,,,,,"0.463","0.463"
"pp","NT5E (pp) GMPR","false","pp","NT5E (pp) GMPR","0.053",,"0.9",,,"0.14","0.93","0.252"
"pp","NT5E (pp) CD8A","false","pp","NT5E (pp) CD8A",,,,,,,"0.619","0.619"
"pp","NT5E (pp) AK5","false","pp","NT5E (pp) AK5","0.062",,"0.65",,,,"0.674","0.088"
"pp","NT5E (pp) SPP1","false","pp","NT5E (pp) SPP1",,,,,,,"0.567","0.568"
"pp","NT5E (pp) CD24","false","pp","NT5E (pp) CD24",,,,,,,"0.509","0.509"
"pp","TMOD1 (pp) MYL4","false","pp","TMOD1 (pp) MYL4","0.145",,"0.6",,,,"0.711","0.224"
"pp","TMOD1 (pp) NEBL","false","pp","TMOD1 (pp) NEBL","0.082",,,,,,"0.577","0.559"
"pp","TMOD1 (pp) SLC4A1","false","pp","TMOD1 (pp) SLC4A1","0.333",,,,,,"0.549","0.352"
"pp","TMOD1 (pp) MYOM2","false","pp","TMOD1 (pp) MYOM2","0.107",,,,,,"0.495","0.458"
"pp","TMOD1 (pp) ANK1","false","pp","TMOD1 (pp) ANK1","0.087",,,,,,"0.485","0.459"
"pp","GMPR (pp) SLC4A1","false","pp","GMPR (pp) SLC4A1","0.321",,,,,,"0.473","0.257"
"pp","GMPR (pp) GUK1","false","pp","GMPR (pp) GUK1","0.1",,"0.9",,,,"0.915","0.138"
"pp","GMPR (pp) SELENBP1","false","pp","GMPR (pp) SELENBP1","0.297",,,,,,"0.556","0.395"
"pp","FGFBP2 (pp) GNLY","false","pp","FGFBP2 (pp) GNLY","0.138",,,,,,"0.565","0.517"
"pp","FGFBP2 (pp) CTSW","false","pp","FGFBP2 (pp) CTSW","0.084",,,,,,"0.419","0.392"
"pp","FGFBP2 (pp) KLRF1","false","pp","FGFBP2 (pp) KLRF1","0.153",,,,,,"0.486","0.419"
"pp","THBS1 (pp) LCN2","false","pp","THBS1 (pp) LCN2","0.062",,,,,,"0.408","0.394"
"pp","THBS1 (pp) CXCL8","false","pp","THBS1 (pp) CXCL8","0.096",,,,,,"0.632","0.61"
"pp","THBS1 (pp) SPP1","false","pp","THBS1 (pp) SPP1","0.062",,"0.5",,,,"0.773","0.556"
"pp","THBS1 (pp) MMP9","false","pp","THBS1 (pp) MMP9","0.063",,"0.8","0.462",,,"0.964","0.692"
"pp","THBS1 (pp) ITGA2B","false","pp","THBS1 (pp) ITGA2B",,,"0.9","0.067",,,"0.933","0.348"
"pp","THBS1 (pp) ITGB3","false","pp","THBS1 (pp) ITGB3","0.114",,"0.9","0.486",,,"0.971","0.441"
"pp","RSL24D1 (pp) RPL31","false","pp","RSL24D1 (pp) RPL31","0.838",,,"0.971",,,"0.997","0.601"
"pp","RSL24D1 (pp) DOCK4","false","pp","RSL24D1 (pp) DOCK4","0.43",,,"0.761",,"0.078","0.884","0.19"
"pp","RSL24D1 (pp) COX7C","false","pp","RSL24D1 (pp) COX7C","0.657",,,,,,"0.656",
"pp","RSL24D1 (pp) RPS27","false","pp","RSL24D1 (pp) RPS27","0.575","0.23",,"0.727",,,"0.944","0.451"
"pp","RSL24D1 (pp) RPL35A","false","pp","RSL24D1 (pp) RPL35A","0.672",,,"0.971",,,"0.995","0.522"
"pp","RSL24D1 (pp) RPS7","false","pp","RSL24D1 (pp) RPS7","0.679",,,"0.619",,,"0.887","0.155"
"pp","MYOM2 (pp) MYL4","false","pp","MYOM2 (pp) MYL4","0.109",,,,,,"0.494","0.456"
"pp","MYOM2 (pp) CD8A","false","pp","MYOM2 (pp) CD8A",,,,,,,"0.455","0.455"
"pp","MYOM2 (pp) LSMEM1","false","pp","MYOM2 (pp) LSMEM1","0.431",,,,,,"0.431",
"pp","ITGA2B (pp) TAL1","false","pp","ITGA2B (pp) TAL1","0.078",,,,,,"0.489","0.469"
"pp","ITGA2B (pp) SLC12A1","false","pp","ITGA2B (pp) SLC12A1",,,,,,,"0.435","0.435"
"pp","ITGA2B (pp) JAK1","false","pp","ITGA2B (pp) JAK1",,,"0.9","0.075",,,"0.91","0.113"
"pp","ITGA2B (pp) SLC4A1","false","pp","ITGA2B (pp) SLC4A1","0.097",,,,,,"0.566","0.539"
"pp","ITGA2B (pp) GYPA","false","pp","ITGA2B (pp) GYPA",,,,,,,"0.736","0.736"
"pp","ITGA2B (pp) ITGB3","false","pp","ITGA2B (pp) ITGB3","0.21",,"0.9","0.986",,,"0.999","0.989"
"pp","ITGA2B (pp) SPP1","false","pp","ITGA2B (pp) SPP1",,,"0.6",,,,"0.683","0.241"
"pp","ITGA2B (pp) CD8A","false","pp","ITGA2B (pp) CD8A","0.063",,,,,,"0.644","0.635"
"pp","ITGA2B (pp) P2RY12","false","pp","ITGA2B (pp) P2RY12",,,,,,,"0.733","0.733"
"pp","SLC4A1 (pp) SLC14A1","false","pp","SLC4A1 (pp) SLC14A1","0.078",,,"0.305",,,"0.545","0.348"
"pp","SLC4A1 (pp) SELENBP1","false","pp","SLC4A1 (pp) SELENBP1","0.674",,,,,,"0.754","0.279"
"pp","SLC4A1 (pp) SLC12A7","false","pp","SLC4A1 (pp) SLC12A7","0.062",,,,,,"0.449","0.437"
"pp","SLC4A1 (pp) AHSP","false","pp","SLC4A1 (pp) AHSP","0.77",,,,,,"0.881","0.506"
"pp","SLC4A1 (pp) ATP2B4","false","pp","SLC4A1 (pp) ATP2B4","0.066",,,"0.305",,,"0.462","0.239"
"pp","SLC4A1 (pp) FECH","false","pp","SLC4A1 (pp) FECH","0.23",,,,,,"0.553","0.443"
"pp","SLC4A1 (pp) ANK1","false","pp","SLC4A1 (pp) ANK1","0.101",,,"0.678",,,"0.926","0.766"
"pp","SLC4A1 (pp) GYPB","false","pp","SLC4A1 (pp) GYPB","0.729",,,,,,"0.854","0.484"
"pp","SLC4A1 (pp) ACKR1","false","pp","SLC4A1 (pp) ACKR1",,,,,,,"0.45","0.451"
"pp","SLC4A1 (pp) SLC12A1","false","pp","SLC4A1 (pp) SLC12A1","0.062",,,,,,"0.412","0.4"
"pp","SLC4A1 (pp) MYL4","false","pp","SLC4A1 (pp) MYL4","0.331",,,,,,"0.449","0.211"
"pp","SLC4A1 (pp) ITGB3","false","pp","SLC4A1 (pp) ITGB3","0.062",,,,,,"0.467","0.456"
"pp","SLC4A1 (pp) GYPA","false","pp","SLC4A1 (pp) GYPA","0.322",,,"0.636",,,"0.982","0.934"
"pp","SLC4A1 (pp) CA1","false","pp","SLC4A1 (pp) CA1","0.726",,,"0.056",,,"0.78","0.219"
"pp","BPI (pp) RNASE3","false","pp","BPI (pp) RNASE3","0.328",,,,,,"0.442","0.205"
"pp","BPI (pp) DEFA4","false","pp","BPI (pp) DEFA4","0.778",,,,,,"0.859","0.392"
"pp","BPI (pp) LCN2","false","pp","BPI (pp) LCN2","0.15",,,,,,"0.459","0.391"
"pp","BPI (pp) CAMP","false","pp","BPI (pp) CAMP","0.327",,,,,,"0.756","0.653"
"pp","BPI (pp) CXCL8","false","pp","BPI (pp) CXCL8","0.083",,,,,,"0.482","0.459"
"pp","BPI (pp) LY96","false","pp","BPI (pp) LY96","0.08",,,,,,"0.428","0.404"
"pp","GNLY (pp) KIR2DL3","false","pp","GNLY (pp) KIR2DL3","0.147",,,,,,"0.439","0.37"
"pp","GNLY (pp) CTSW","false","pp","GNLY (pp) CTSW","0.338",,,,,,"0.602","0.424"
"pp","GNLY (pp) CAMP","false","pp","GNLY (pp) CAMP","0.07",,,,,,"0.53","0.516"
"pp","GNLY (pp) CST7","false","pp","GNLY (pp) CST7","0.321",,,,,,"0.521","0.324"
"pp","GNLY (pp) KLRD1","false","pp","GNLY (pp) KLRD1","0.545",,,,,,"0.77","0.517"
"pp","GNLY (pp) KLRF1","false","pp","GNLY (pp) KLRF1","0.242",,,,,,"0.542","0.421"
"pp","GNLY (pp) PRF1","false","pp","GNLY (pp) PRF1","0.783",,,,,,"0.987","0.942"
"pp","GNLY (pp) CD8A","false","pp","GNLY (pp) CD8A","0.336",,,,,,"0.769","0.667"
"pp","KYNU (pp) CSGALNACT1","false","pp","KYNU (pp) CSGALNACT1",,,,,,,"0.439","0.44"
"pp","KYNU (pp) IDO1","false","pp","KYNU (pp) IDO1",,,"0.9",,,,"0.969","0.705"
"pp","IL18RAP (pp) TRIM10","false","pp","IL18RAP (pp) TRIM10","0.069",,,,,,"0.582","0.57"
"pp","IL18RAP (pp) IL23R","false","pp","IL18RAP (pp) IL23R","0.062",,,,,,"0.502","0.491"
"pp","IL18RAP (pp) CST7","false","pp","IL18RAP (pp) CST7","0.553",,,,,,"0.618","0.181"
"pp","IL18RAP (pp) NOD2","false","pp","IL18RAP (pp) NOD2","0.211",,,,,,"0.547","0.45"
"pp","IL18RAP (pp) PRF1","false","pp","IL18RAP (pp) PRF1","0.326",,,,,,"0.402","0.15"
"pp","HERC5 (pp) IFI44L","false","pp","HERC5 (pp) IFI44L","0.805",,,,,,"0.921","0.612"
"pp","HERC5 (pp) MX1","false","pp","HERC5 (pp) MX1","0.798",,"0.9","0.142",,,"0.992","0.631"
"pp","HERC5 (pp) EPSTI1","false","pp","HERC5 (pp) EPSTI1","0.201",,,,,,"0.636","0.564"
"pp","HERC5 (pp) CXCL10","false","pp","HERC5 (pp) CXCL10","0.273",,,,,,"0.491","0.329"
"pp","HERC5 (pp) IFIT1","false","pp","HERC5 (pp) IFIT1","0.811",,"0.9","0.12",,,"0.992","0.628"
"pp","HERC5 (pp) JAK1","false","pp","HERC5 (pp) JAK1","0.062",,"0.9","0.078",,,"0.937","0.359"
"pp","HERC5 (pp) IFI44","false","pp","HERC5 (pp) IFI44","0.804",,,,,,"0.919","0.606"
"pp","HERC5 (pp) IFI6","false","pp","HERC5 (pp) IFI6","0.68",,,,,,"0.853","0.56"
"pp","HERC5 (pp) PARP14","false","pp","HERC5 (pp) PARP14","0.253",,,"0.056",,,"0.446","0.278"
"pp","HERC5 (pp) ISG15","false","pp","HERC5 (pp) ISG15","0.797",,"0.8","0.554",,,"0.995","0.783"
"pp","HERC5 (pp) LY6E","false","pp","HERC5 (pp) LY6E","0.162",,,,,,"0.567","0.505"
"pp","HERC5 (pp) IFIT3","false","pp","HERC5 (pp) IFIT3","0.816",,,"0.12",,,"0.924","0.569"
"pp","HERC5 (pp) RSAD2","false","pp","HERC5 (pp) RSAD2","0.823",,,,,,"0.93","0.623"
"pp","NEIL3 (pp) CENPK","false","pp","NEIL3 (pp) CENPK","0.372",,,,,,"0.471","0.194"
"pp","NEIL3 (pp) POLB","false","pp","NEIL3 (pp) POLB","0.063",,,,,,"0.555","0.545"
"pp","NEIL3 (pp) MKI67","false","pp","NEIL3 (pp) MKI67","0.575",,,,,,"0.577","0.046"
"pp","NEIL3 (pp) ASPM","false","pp","NEIL3 (pp) ASPM","0.592",,,,,,"0.613","0.093"
"pp","SLC12A7 (pp) CTSW","false","pp","SLC12A7 (pp) CTSW","0.062",,,,,,"0.444","0.433"
"pp","CPT1A (pp) ABCG1","false","pp","CPT1A (pp) ABCG1",,,,,,,"0.66","0.66"
"pp","ANK1 (pp) SPTAN1","false","pp","ANK1 (pp) SPTAN1","0.063",,"0.6","0.293",,,"0.793","0.312"
"pp","ANK1 (pp) ANK3","false","pp","ANK1 (pp) ANK3","0.062",,"0.9",,,,"0.906","0.08"
"pp","ANK1 (pp) GYPA","false","pp","ANK1 (pp) GYPA","0.099",,,,,,"0.462","0.427"
"pp","ANK1 (pp) RHD","false","pp","ANK1 (pp) RHD","0.062",,,,,,"0.457","0.445"
"pp","ADAM28 (pp) MYL4","false","pp","ADAM28 (pp) MYL4",,,,,,,"0.465","0.465"
"pp","BCL2A1 (pp) BCL2L1","false","pp","BCL2A1 (pp) BCL2L1",,,"0.9",,,,"0.927","0.307"
"pp","BCL2A1 (pp) CXCL8","false","pp","BCL2A1 (pp) CXCL8","0.349",,,,,,"0.587","0.393"
"pp","BCL2A1 (pp) MMP9","false","pp","BCL2A1 (pp) MMP9","0.193",,,,,,"0.404","0.292"
"pp","IGF1R (pp) PLCB1","false","pp","IGF1R (pp) PLCB1","0.049",,"0.6","0.097",,,"0.676","0.17"
"pp","IGF1R (pp) JAK1","false","pp","IGF1R (pp) JAK1",,,"0.8","0.283",,,"0.873","0.191"
"pp","IGF1R (pp) CAMP","false","pp","IGF1R (pp) CAMP",,,,"0.297",,,"0.889","0.849"
"pp","IGF1R (pp) BCL2L1","false","pp","IGF1R (pp) BCL2L1",,,,,,,"0.544","0.544"
"pp","IGF1R (pp) GRB10","false","pp","IGF1R (pp) GRB10","0.062",,"0.9","0.887",,,"0.997","0.788"
"pp","IGF1R (pp) ITGB3","false","pp","IGF1R (pp) ITGB3","0.056",,"0.9","0.07",,,"0.942","0.42"
"pp","IGF1R (pp) ARHGEF12","false","pp","IGF1R (pp) ARHGEF12","0.063",,,"0.3",,,"0.611","0.454"
"pp","IGF1R (pp) MMP9","false","pp","IGF1R (pp) MMP9",,,,,,,"0.504","0.504"
"pp","ARRDC4 (pp) SAMD12","false","pp","ARRDC4 (pp) SAMD12",,,,,,,"0.466","0.466"
"pp","SERPING1 (pp) CFD","false","pp","SERPING1 (pp) CFD","0.062",,,"0.12",,,"0.548","0.497"
"pp","SERPING1 (pp) C4BPA","false","pp","SERPING1 (pp) C4BPA","0.065",,,,,,"0.581","0.571"
"pp","SERPING1 (pp) CLU","false","pp","SERPING1 (pp) CLU","0.099",,,,,,"0.533","0.503"
"pp","SERPING1 (pp) HP","false","pp","SERPING1 (pp) HP","0.063",,,"0.12",,,"0.465","0.404"
"pp","MS4A3 (pp) TMEM176A","false","pp","MS4A3 (pp) TMEM176A",,,,,,,"0.763","0.763"
"pp","MS4A3 (pp) RNASE2","false","pp","MS4A3 (pp) RNASE2","0.329",,,,,,"0.489","0.271"
"pp","MS4A3 (pp) RNASE3","false","pp","MS4A3 (pp) RNASE3","0.411",,,,,,"0.414","0.047"
"pp","MS4A3 (pp) HEMGN","false","pp","MS4A3 (pp) HEMGN","0.173",,,,,,"0.506","0.428"
"pp","MS4A3 (pp) TMEM176B","false","pp","MS4A3 (pp) TMEM176B",,,,,,,"0.428","0.428"
"pp","MS4A3 (pp) CRISP3","false","pp","MS4A3 (pp) CRISP3","0.14",,,,,,"0.407","0.339"
"pp","MS4A3 (pp) DEFA4","false","pp","MS4A3 (pp) DEFA4","0.544",,,,,,"0.71","0.391"
"pp","ANK3 (pp) SPTAN1","false","pp","ANK3 (pp) SPTAN1","0.064",,"0.6","0.174",,,"0.862","0.608"
"pp","DSC2 (pp) JUP","false","pp","DSC2 (pp) JUP","0.09",,"0.6","0.37",,,"0.943","0.783"
"pp","DSC2 (pp) LIPC","false","pp","DSC2 (pp) LIPC",,,,,,,"0.497","0.497"
"pp","ANKH (pp) PHOSPHO1","false","pp","ANKH (pp) PHOSPHO1","0.062",,,,,,"0.488","0.477"
"pp","ANKH (pp) ALPL","false","pp","ANKH (pp) ALPL",,,,,,,"0.634","0.634"
"pp","ANKH (pp) SPP1","false","pp","ANKH (pp) SPP1",,,,,,,"0.446","0.447"
"pp","LY96 (pp) IL1R1","false","pp","LY96 (pp) IL1R1","0.076",,,,,,"0.536","0.519"
"pp","LY96 (pp) CAMP","false","pp","LY96 (pp) CAMP","0.077",,,,,,"0.492","0.472"
"pp","LY96 (pp) DNM3","false","pp","LY96 (pp) DNM3",,,"0.9",,,,"0.9",
"pp","LY96 (pp) CXCL8","false","pp","LY96 (pp) CXCL8","0.14",,,,,,"0.696","0.662"
"pp","LY96 (pp) CXCL10","false","pp","LY96 (pp) CXCL10","0.11",,,,,,"0.497","0.459"
"pp","LY96 (pp) NOD2","false","pp","LY96 (pp) NOD2","0.111",,,,,,"0.544","0.509"
"pp","LY96 (pp) TREML4","false","pp","LY96 (pp) TREML4","0.088",,,,,,"0.482","0.455"
"pp","S100B (pp) MMP9","false","pp","S100B (pp) MMP9",,,,,,,"0.503","0.503"
"pp","S100B (pp) SPP1","false","pp","S100B (pp) SPP1","0.098",,,,,,"0.41","0.373"
"pp","S100B (pp) CXCL8","false","pp","S100B (pp) CXCL8",,,,,,,"0.459","0.46"
"pp","S100B (pp) S100P","false","pp","S100B (pp) S100P",,,,"0.834",,,"0.835","0.048"
"pp","S100B (pp) SPTAN1","false","pp","S100B (pp) SPTAN1","0.062",,,,,,"0.47","0.459"
"pp","PDZK1IP1 (pp) ABCC4","false","pp","PDZK1IP1 (pp) ABCC4",,,,,,,"0.437","0.437"
"pp","PDZK1IP1 (pp) LCN2","false","pp","PDZK1IP1 (pp) LCN2","0.525",,,,,,"0.656","0.306"
"pp","PDZK1IP1 (pp) TAL1","false","pp","PDZK1IP1 (pp) TAL1","0.062",,,,,,"0.44","0.428"
"pp","TAL1 (pp) GYPA","false","pp","TAL1 (pp) GYPA","0.109",,,,,,"0.495","0.457"
"pp","TAL1 (pp) PBX1","false","pp","TAL1 (pp) PBX1","0.049",,,"0.056",,,"0.568","0.558"
"pp","TAL1 (pp) EBF1","false","pp","TAL1 (pp) EBF1","0.063",,,,,,"0.412","0.398"
"pp","CXCL5 (pp) CD8A","false","pp","CXCL5 (pp) CD8A",,,,,,,"0.568","0.568"
"pp","CXCL5 (pp) MMP9","false","pp","CXCL5 (pp) MMP9","0.135",,,"0.463",,,"0.816","0.637"
"pp","CXCL5 (pp) SPP1","false","pp","CXCL5 (pp) SPP1","0.096",,,,,,"0.43","0.396"
"pp","CXCL5 (pp) XCL1","false","pp","CXCL5 (pp) XCL1","0.062",,,,,,"0.541","0.531"
"pp","CXCL5 (pp) ARG1","false","pp","CXCL5 (pp) ARG1",,,,,,,"0.415","0.416"
"pp","CXCL5 (pp) LCN2","false","pp","CXCL5 (pp) LCN2","0.09",,,,,,"0.521","0.495"
"pp","CXCL5 (pp) CD274","false","pp","CXCL5 (pp) CD274","0.099",,,,,,"0.431","0.395"
"pp","CXCL5 (pp) CXCL8","false","pp","CXCL5 (pp) CXCL8","0.35",,"0.3",,,,"0.582","0.157"
"pp","CXCL5 (pp) ACKR1","false","pp","CXCL5 (pp) ACKR1",,,,"0.213",,,"0.796","0.751"
"pp","CXCL5 (pp) CXCL10","false","pp","CXCL5 (pp) CXCL10","0.097",,,,,,"0.781","0.768"
"pp","CAMP (pp) LCN2","false","pp","CAMP (pp) LCN2","0.207",,,,,,"0.635","0.559"
"pp","CAMP (pp) CXCL10","false","pp","CAMP (pp) CXCL10",,,,,,,"0.468","0.468"
"pp","CAMP (pp) CXCL8","false","pp","CAMP (pp) CXCL8",,,,,,,"0.681","0.681"
"pp","CAMP (pp) NOD2","false","pp","CAMP (pp) NOD2","0.139",,,,,,"0.514","0.459"
"pp","CAMP (pp) MMP9","false","pp","CAMP (pp) MMP9","0.14",,,,,,"0.453","0.391"
"pp","CAMP (pp) CD8A","false","pp","CAMP (pp) CD8A",,,,,,,"0.459","0.46"
"pp","CAMP (pp) DEFA4","false","pp","CAMP (pp) DEFA4","0.75",,,,,,"0.822","0.322"
"pp","HPGD (pp) ALOX15","false","pp","HPGD (pp) ALOX15",,,,,,,"0.454","0.454"
"pp","HPGD (pp) ABCC4","false","pp","HPGD (pp) ABCC4",,,,"0.057",,,"0.434","0.425"
"pp","DEFA4 (pp) CRISP3","false","pp","DEFA4 (pp) CRISP3","0.19",,,,,,"0.437","0.334"
"pp","DEFA4 (pp) RNASE3","false","pp","DEFA4 (pp) RNASE3","0.715",,,,,,"0.728","0.087"
"pp","DEFA4 (pp) RNASE2","false","pp","DEFA4 (pp) RNASE2","0.327",,,,,,"0.442","0.206"
"pp","DEFA4 (pp) LCN2","false","pp","DEFA4 (pp) LCN2","0.213",,,,,,"0.453","0.334"
"pp","LIPC (pp) LIPA","false","pp","LIPC (pp) LIPA","0.065",,,,,,"0.77","0.764"
"pp","LIPC (pp) HP","false","pp","LIPC (pp) HP","0.093",,"0.54","0.057",,,"0.616","0.14"
"pp","LIPC (pp) CLU","false","pp","LIPC (pp) CLU",,,"0.54",,,,"0.578","0.12"
"pp","CLEC4D (pp) CLEC12B","false","pp","CLEC4D (pp) CLEC12B","0.316",,,,,,"0.755","0.657"
"pp","CLEC4D (pp) NOD2","false","pp","CLEC4D (pp) NOD2","0.214",,,,,,"0.443","0.321"
"pp","CLEC4D (pp) VNN1","false","pp","CLEC4D (pp) VNN1","0.109",,,,,,"0.504","0.467"
"pp","CLEC4D (pp) SIGLEC1","false","pp","CLEC4D (pp) SIGLEC1","0.153",,,"0.062",,,"0.457","0.372"
"pp","CLEC4D (pp) CLEC12A","false","pp","CLEC4D (pp) CLEC12A","0.359",,,,,,"0.67","0.506"
"pp","NOD2 (pp) IL23R","false","pp","NOD2 (pp) IL23R",,,,,,,"0.785","0.785"
"pp","NOD2 (pp) CXCL10","false","pp","NOD2 (pp) CXCL10","0.152",,,,,,"0.518","0.456"
"pp","NOD2 (pp) CD8A","false","pp","NOD2 (pp) CD8A","0.102",,,,,,"0.55","0.52"
"pp","NOD2 (pp) IL1R1","false","pp","NOD2 (pp) IL1R1",,,,,,,"0.545","0.545"
"pp","NOD2 (pp) CXCL8","false","pp","NOD2 (pp) CXCL8","0.096",,,,,,"0.681","0.662"
"pp","UBXN6 (pp) GUK1","false","pp","UBXN6 (pp) GUK1","0.59",,,,,,"0.59",
"pp","LSM3 (pp) COX7C","false","pp","LSM3 (pp) COX7C","0.688",,,,,,"0.687",
"pp","LSM3 (pp) PRPF18","false","pp","LSM3 (pp) PRPF18","0.076",,"0.54","0.057",,,"0.665","0.263"
"pp","LSM3 (pp) RPL31","false","pp","LSM3 (pp) RPL31","0.406",,,,,,"0.523","0.23"
"pp","RNASE3 (pp) RNASE2","false","pp","RNASE3 (pp) RNASE2","0.954",,,,,,"0.955","0.069"
"pp","RNASE3 (pp) FCER1A","false","pp","RNASE3 (pp) FCER1A","0.214",,,,,,"0.579","0.487"
"pp","RNASE3 (pp) IL5RA","false","pp","RNASE3 (pp) IL5RA","0.053",,,,,,"0.462","0.456"
"pp","RNASE3 (pp) RNASET2","false","pp","RNASE3 (pp) RNASET2",,,,,,,"0.537","0.537"
"pp","RNASE3 (pp) CXCL8","false","pp","RNASE3 (pp) CXCL8","0.068",,,,,,"0.623","0.613"
"pp","BCL2L1 (pp) CD8A","false","pp","BCL2L1 (pp) CD8A",,,,,,,"0.609","0.609"
"pp","BCL2L1 (pp) JAK1","false","pp","BCL2L1 (pp) JAK1",,,,,,,"0.574","0.575"
"pp","BCL2L1 (pp) MKI67","false","pp","BCL2L1 (pp) MKI67",,,,,,,"0.469","0.47"
"pp","BCL2L1 (pp) CD274","false","pp","BCL2L1 (pp) CD274","0.062",,,,,,"0.469","0.458"
"pp","BCL2L1 (pp) TNFRSF9","false","pp","BCL2L1 (pp) TNFRSF9",,,,,,,"0.471","0.471"
"pp","BCL2L1 (pp) CXCL8","false","pp","BCL2L1 (pp) CXCL8",,,,,,,"0.53","0.53"
"pp","BCL2L1 (pp) DNM3","false","pp","BCL2L1 (pp) DNM3","0.062",,,"0.197",,,"0.484","0.371"
"pp","BCL2L1 (pp) CLU","false","pp","BCL2L1 (pp) CLU",,,,"0.702",,,"0.972","0.909"
"pp","BCL2L1 (pp) CTSW","false","pp","BCL2L1 (pp) CTSW","0.049",,"0.6",,,,"0.604","0.043"
"pp","BCL2L1 (pp) MMP9","false","pp","BCL2L1 (pp) MMP9",,,,,,,"0.658","0.658"
"pp","RNASE2 (pp) RNASET2","false","pp","RNASE2 (pp) RNASET2","0.076",,,,,,"0.655","0.642"
"pp","RNASE2 (pp) CXCL8","false","pp","RNASE2 (pp) CXCL8","0.088",,,,,,"0.437","0.408"
"pp","RNASE2 (pp) IL5RA","false","pp","RNASE2 (pp) IL5RA","0.053",,,,,,"0.427","0.42"
"pp","RNASE2 (pp) CST7","false","pp","RNASE2 (pp) CST7","0.332",,,,,,"0.443","0.201"
"pp","RNASE2 (pp) FCER1A","false","pp","RNASE2 (pp) FCER1A","0.339",,,,,,"0.735","0.617"
"pp","CXCL10 (pp) ISG15","false","pp","CXCL10 (pp) ISG15","0.394",,,,,,"0.811","0.701"
"pp","CXCL10 (pp) XCL1","false","pp","CXCL10 (pp) XCL1","0.085",,,"0.237",,,"0.749","0.67"
"pp","CXCL10 (pp) TNFRSF9","false","pp","CXCL10 (pp) TNFRSF9","0.062",,,,,,"0.425","0.413"
"pp","CXCL10 (pp) EPSTI1","false","pp","CXCL10 (pp) EPSTI1","0.366",,,,,,"0.458","0.18"
"pp","CXCL10 (pp) IFIT3","false","pp","CXCL10 (pp) IFIT3","0.703",,,,,,"0.88","0.616"
"pp","CXCL10 (pp) RSAD2","false","pp","CXCL10 (pp) RSAD2","0.606",,,,,,"0.843","0.619"
"pp","CXCL10 (pp) IFIT1","false","pp","CXCL10 (pp) IFIT1","0.393",,,,,,"0.819","0.714"
"pp","CXCL10 (pp) JAK1","false","pp","CXCL10 (pp) JAK1","0.049",,,,,,"0.505","0.501"
"pp","CXCL10 (pp) IFI44","false","pp","CXCL10 (pp) IFI44","0.346",,,,,,"0.671","0.519"
"pp","CXCL10 (pp) CD274","false","pp","CXCL10 (pp) CD274","0.322",,,,,,"0.745","0.64"
"pp","CXCL10 (pp) ARG1","false","pp","CXCL10 (pp) ARG1",,,,,,,"0.563","0.563"
"pp","CXCL10 (pp) PRF1","false","pp","CXCL10 (pp) PRF1","0.076",,,,,,"0.617","0.603"
"pp","CXCL10 (pp) IFI44L","false","pp","CXCL10 (pp) IFI44L","0.534",,,,,,"0.74","0.466"
"pp","CXCL10 (pp) IFI6","false","pp","CXCL10 (pp) IFI6","0.22",,,,,,"0.529","0.422"
"pp","CXCL10 (pp) IDO1","false","pp","CXCL10 (pp) IDO1","0.412",,,,,,"0.73","0.561"
"pp","CXCL10 (pp) MMP9","false","pp","CXCL10 (pp) MMP9","0.14",,,,,,"0.651","0.611"
"pp","CXCL10 (pp) SPP1","false","pp","CXCL10 (pp) SPP1","0.062",,,,,,"0.469","0.458"
"pp","CXCL10 (pp) PARP14","false","pp","CXCL10 (pp) PARP14","0.388",,,,,,"0.479","0.185"
"pp","CXCL10 (pp) CD8A","false","pp","CXCL10 (pp) CD8A","0.071",,,,,,"0.81","0.804"
"pp","CXCL10 (pp) SIGLEC1","false","pp","CXCL10 (pp) SIGLEC1","0.222",,,,,,"0.505","0.39"
"pp","CXCL10 (pp) CXCL8","false","pp","CXCL10 (pp) CXCL8","0.145",,"0.6",,,,"0.955","0.879"
"pp","CXCL10 (pp) LCN2","false","pp","CXCL10 (pp) LCN2","0.085",,,,,,"0.527","0.504"
"pp","CXCL10 (pp) MX1","false","pp","CXCL10 (pp) MX1","0.417",,,,,,"0.819","0.704"
"pp","CXCL10 (pp) IL1R1","false","pp","CXCL10 (pp) IL1R1","0.069",,,,,,"0.693","0.683"
"pp","CXCL8 (pp) XCL1","false","pp","CXCL8 (pp) XCL1","0.062",,,,,,"0.541","0.532"
"pp","CXCL8 (pp) ISG15","false","pp","CXCL8 (pp) ISG15",,,,,,,"0.471","0.472"
"pp","CXCL8 (pp) TNFRSF9","false","pp","CXCL8 (pp) TNFRSF9","0.062",,,,,,"0.404","0.391"
"pp","CXCL8 (pp) IL1RAP","false","pp","CXCL8 (pp) IL1RAP","0.069",,,,,,"0.411","0.394"
"pp","CXCL8 (pp) OLR1","false","pp","CXCL8 (pp) OLR1","0.089",,,,,,"0.443","0.414"
"pp","CXCL8 (pp) ACKR1","false","pp","CXCL8 (pp) ACKR1",,,"0.8","0.462",,,"0.998","0.987"
"pp","CXCL8 (pp) IFIT1","false","pp","CXCL8 (pp) IFIT1",,,,,,,"0.457","0.457"
"pp","CXCL8 (pp) JAK1","false","pp","CXCL8 (pp) JAK1",,,,,,,"0.47","0.47"
"pp","CXCL8 (pp) RSAD2","false","pp","CXCL8 (pp) RSAD2","0.089",,,,,,"0.405","0.374"
"pp","CXCL8 (pp) LPAR1","false","pp","CXCL8 (pp) LPAR1",,,"0.9",,,,"0.933","0.362"
"pp","CXCL8 (pp) HP","false","pp","CXCL8 (pp) HP",,,,,,,"0.571","0.571"
"pp","CXCL8 (pp) CD274","false","pp","CXCL8 (pp) CD274","0.162",,,,,,"0.617","0.562"
"pp","CXCL8 (pp) IL23R","false","pp","CXCL8 (pp) IL23R","0.062",,,,,,"0.417","0.404"
"pp","CXCL8 (pp) ARG1","false","pp","CXCL8 (pp) ARG1",,,,,,,"0.556","0.556"
"pp","CXCL8 (pp) PRF1","false","pp","CXCL8 (pp) PRF1",,,,,,,"0.561","0.561"
"pp","CXCL8 (pp) IDO1","false","pp","CXCL8 (pp) IDO1","0.084",,,,,,"0.525","0.503"
"pp","CXCL8 (pp) SPP1","false","pp","CXCL8 (pp) SPP1","0.083",,,,,,"0.622","0.605"
"pp","CXCL8 (pp) MMP9","false","pp","CXCL8 (pp) MMP9","0.135",,,"0.213",,,"0.871","0.826"
"pp","CXCL8 (pp) SERPINB2","false","pp","CXCL8 (pp) SERPINB2","0.343",,,,,,"0.584","0.394"
"pp","CXCL8 (pp) CD8A","false","pp","CXCL8 (pp) CD8A",,,,,,,"0.768","0.768"
"pp","CXCL8 (pp) LCN2","false","pp","CXCL8 (pp) LCN2","0.108",,,,,,"0.631","0.604"
"pp","CXCL8 (pp) MX1","false","pp","CXCL8 (pp) MX1","0.062",,,,,,"0.539","0.53"
"pp","CXCL8 (pp) IL1R1","false","pp","CXCL8 (pp) IL1R1","0.088",,,,,,"0.75","0.737"
"pp","AHSP (pp) GYPA","false","pp","AHSP (pp) GYPA","0.189",,,,,,"0.485","0.392"
"pp","AHSP (pp) HEMGN","false","pp","AHSP (pp) HEMGN","0.207",,,,,,"0.409","0.285"
"pp","AHSP (pp) FECH","false","pp","AHSP (pp) FECH","0.182",,,,,,"0.489","0.401"
"pp","AHSP (pp) BPGM","false","pp","AHSP (pp) BPGM","0.113",,,,,,"0.516","0.478"
"pp","AHSP (pp) SELENBP1","false","pp","AHSP (pp) SELENBP1","0.556",,,,,,"0.679","0.307"
"pp","AHSP (pp) GYPB","false","pp","AHSP (pp) GYPB","0.753",,,,,,"0.811","0.267"
"pp","AHSP (pp) CA1","false","pp","AHSP (pp) CA1","0.774",,,,,,"0.84","0.323"
"pp","AHSP (pp) MYL4","false","pp","AHSP (pp) MYL4","0.554",,,,,,"0.619","0.182"
"pp","P2RY12 (pp) CST7","false","pp","P2RY12 (pp) CST7",,,,,,,"0.4","0.4"
"pp","P2RY12 (pp) ITGB3","false","pp","P2RY12 (pp) ITGB3","0.062",,,,,,"0.529","0.519"
"pp","P2RY12 (pp) PROS1","false","pp","P2RY12 (pp) PROS1",,,,,,,"0.524","0.525"
"pp","OLR1 (pp) ABCG1","false","pp","OLR1 (pp) ABCG1","0.062",,,,,,"0.61","0.602"
"pp","OLR1 (pp) MMP9","false","pp","OLR1 (pp) MMP9",,,,,,,"0.455","0.455"
"pp","OLR1 (pp) ALOX15","false","pp","OLR1 (pp) ALOX15",,,,,,,"0.529","0.529"
"pp","KLRC4 (pp) IL23R","false","pp","KLRC4 (pp) IL23R",,,,,,,"0.505","0.505"
"pp","KLRC4 (pp) KLRD1","false","pp","KLRC4 (pp) KLRD1","0.062",,"0.9",,,,"0.928","0.303"
"pp","KLRC4 (pp) KLRF1","false","pp","KLRC4 (pp) KLRF1","0.118",,,,,,"0.464","0.418"
"pp","KLRC4 (pp) KIR2DL3","false","pp","KLRC4 (pp) KIR2DL3","0.089",,"0.8",,,,"0.87","0.346"
"pp","CTSW (pp) PRF1","false","pp","CTSW (pp) PRF1","0.564",,,,,,"0.657","0.246"
"pp","CTSW (pp) KLRF1","false","pp","CTSW (pp) KLRF1","0.137",,,,,,"0.41","0.345"
"pp","CTSW (pp) CD8A","false","pp","CTSW (pp) CD8A","0.202",,,,,,"0.433","0.319"
"pp","CTSW (pp) CST7","false","pp","CTSW (pp) CST7","0.263",,,"0.056",,,"0.502","0.342"
"pp","GSTM1 (pp) SPP1","false","pp","GSTM1 (pp) SPP1",,,,,,,"0.932","0.932"
"pp","GSTM1 (pp) CYP1B1","false","pp","GSTM1 (pp) CYP1B1","0.053",,"0.65","0.057",,,"0.886","0.681"
"pp","SAMD12 (pp) LRRN3","false","pp","SAMD12 (pp) LRRN3","0.062",,,,,,"0.453","0.441"
"pp","IL1RAP (pp) IL1R1","false","pp","IL1RAP (pp) IL1R1","0.062",,"0.9","0.976",,,"0.998","0.386"
"pp","CLU (pp) HP","false","pp","CLU (pp) HP",,,"0.72","0.15",,,"0.904","0.631"
"pp","CLU (pp) SPP1","false","pp","CLU (pp) SPP1","0.076",,,,,,"0.583","0.568"
"pp","CLU (pp) MMP9","false","pp","CLU (pp) MMP9",,,,"0.27",,,"0.654","0.545"
"pp","CLU (pp) C4BPA","false","pp","CLU (pp) C4BPA","0.063",,,,,,"0.422","0.409"
"pp","CLU (pp) LCN2","false","pp","CLU (pp) LCN2","0.062",,,,,,"0.648","0.641"
"pp","CLU (pp) MS4A4A","false","pp","CLU (pp) MS4A4A",,,,,,,"0.61","0.61"
"pp","CLK4 (pp) PRPF18","false","pp","CLK4 (pp) PRPF18","0.062",,,"0.14",,,"0.422","0.341"
"pp","EPSTI1 (pp) MX1","false","pp","EPSTI1 (pp) MX1","0.336",,,,,,"0.632","0.469"
"pp","EPSTI1 (pp) IFI44","false","pp","EPSTI1 (pp) IFI44","0.362",,,,,,"0.68","0.519"
"pp","EPSTI1 (pp) IFIT1","false","pp","EPSTI1 (pp) IFIT1","0.269",,,,,,"0.548","0.408"
"pp","EPSTI1 (pp) RSAD2","false","pp","EPSTI1 (pp) RSAD2","0.352",,,,,,"0.673","0.517"
"pp","EPSTI1 (pp) IFIT3","false","pp","EPSTI1 (pp) IFIT3","0.3",,,,,,"0.563","0.402"
"pp","EPSTI1 (pp) IFI6","false","pp","EPSTI1 (pp) IFI6","0.164",,,,,,"0.471","0.394"
"pp","EPSTI1 (pp) IFI44L","false","pp","EPSTI1 (pp) IFI44L","0.394",,,,,,"0.747","0.601"
"pp","EPSTI1 (pp) LY6E","false","pp","EPSTI1 (pp) LY6E","0.062",,,,,,"0.514","0.504"
"pp","EPSTI1 (pp) ISG15","false","pp","EPSTI1 (pp) ISG15","0.274",,,,,,"0.584","0.451"
"pp","FAXDC2 (pp) SLC14A1","false","pp","FAXDC2 (pp) SLC14A1","0.061",,,,,,"0.528","0.518"
"pp","FAXDC2 (pp) DHRS12","false","pp","FAXDC2 (pp) DHRS12","0.062",,,"0.056",,,"0.713","0.703"
"pp","IL23R (pp) FCER1A","false","pp","IL23R (pp) FCER1A",,,,,,,"0.493","0.493"
"pp","IL23R (pp) CD8A","false","pp","IL23R (pp) CD8A",,,,,,,"0.566","0.566"
"pp","IL23R (pp) JAK1","false","pp","IL23R (pp) JAK1",,,"0.6",,,,"0.745","0.391"
"pp","IL23R (pp) IL1R1","false","pp","IL23R (pp) IL1R1",,,,,,,"0.616","0.616"
"pp","FBXL13 (pp) AK5","false","pp","FBXL13 (pp) AK5","0.063",,,,,,"0.668","0.66"
"pp","EBF1 (pp) PBX1","false","pp","EBF1 (pp) PBX1",,,,,,,"0.535","0.535"
"pp","EBF1 (pp) TMTC1","false","pp","EBF1 (pp) TMTC1","0.063",,,,,,"0.505","0.494"
"pp","ITLN1 (pp) LCN2","false","pp","ITLN1 (pp) LCN2","0.087",,,,,,"0.481","0.455"
"pp","ITLN1 (pp) CFD","false","pp","ITLN1 (pp) CFD","0.068",,,,,,"0.517","0.504"
"pp","APOBEC3B (pp) MKI67","false","pp","APOBEC3B (pp) MKI67","0.153",,,"0.27",,,"0.404","0.115"
"pp","APOBEC3B (pp) CDA","false","pp","APOBEC3B (pp) CDA","0.089",,,,,,"0.756","0.743"
"pp","APOBEC3B (pp) COX7C","false","pp","APOBEC3B (pp) COX7C","0.168",,,"0.368",,,"0.575","0.258"
"pp","CD8B (pp) CD274","false","pp","CD8B (pp) CD274",,,,,,,"0.414","0.414"
"pp","CD8B (pp) CD8A","false","pp","CD8B (pp) CD8A","0.474",,"0.9","0.851",,,"0.997","0.732"
"pp","CD8B (pp) PRF1","false","pp","CD8B (pp) PRF1","0.151",,,,,,"0.442","0.371"
"pp","HOXB2 (pp) PBX1","false","pp","HOXB2 (pp) PBX1",,,,"0.256",,,"0.614","0.503"
"pp","CFD (pp) SPP1","false","pp","CFD (pp) SPP1",,,,"0.056",,,"0.409","0.401"
"pp","CFD (pp) C4BPA","false","pp","CFD (pp) C4BPA",,,,,,,"0.445","0.445"
"pp","CFD (pp) LCN2","false","pp","CFD (pp) LCN2","0.062",,,,,,"0.404","0.391"
"pp","C2CD3 (pp) AHI1","false","pp","C2CD3 (pp) AHI1",,,,,,,"0.468","0.468"
"pp","LIPA (pp) ABCG1","false","pp","LIPA (pp) ABCG1","0.063",,,,,,"0.49","0.479"
"pp","PLCB1 (pp) SPTAN1","false","pp","PLCB1 (pp) SPTAN1","0.062",,,,,,"0.469","0.458"
"pp","MS4A4A (pp) TMEM176B","false","pp","MS4A4A (pp) TMEM176B","0.299",,,,,,"0.491","0.304"
"pp","MS4A4A (pp) SIGLEC1","false","pp","MS4A4A (pp) SIGLEC1","0.426",,,,,,"0.525","0.208"
"pp","MS4A4A (pp) TMEM176A","false","pp","MS4A4A (pp) TMEM176A","0.213",,,,,,"0.715","0.654"
"pp","RPS7 (pp) RPS27","false","pp","RPS7 (pp) RPS27","0.999",,"0.9","0.987",,,"0.999","0.415"
"pp","RPS7 (pp) GUK1","false","pp","RPS7 (pp) GUK1","0.137",,,,,,"0.512","0.459"
"pp","RPS7 (pp) RPL35A","false","pp","RPS7 (pp) RPL35A","0.99",,,"0.988",,,"0.999","0.797"
"pp","RPS7 (pp) ISG15","false","pp","RPS7 (pp) ISG15","0.186",,,"0.382",,,"0.491","0.07"
"pp","RPS7 (pp) DOCK4","false","pp","RPS7 (pp) DOCK4","0.733",,,"0.782",,,"0.947","0.171"
"pp","RPS7 (pp) RPL31","false","pp","RPS7 (pp) RPL31","0.991",,,"0.998",,,"0.999","0.63"
"pp","RHD (pp) GYPB","false","pp","RHD (pp) GYPB",,,,,,,"0.791","0.791"
"pp","RHD (pp) GYPA","false","pp","RHD (pp) GYPA","0.107",,,,,,"0.408","0.365"
"pp","SIGLEC1 (pp) CLEC12A","false","pp","SIGLEC1 (pp) CLEC12A","0.288",,,"0.062",,,"0.404","0.18"
"pp","SIGLEC1 (pp) ISG15","false","pp","SIGLEC1 (pp) ISG15","0.114",,,,,,"0.496","0.455"
"pp","SIGLEC1 (pp) RSAD2","false","pp","SIGLEC1 (pp) RSAD2","0.161",,,,,,"0.565","0.504"
"pp","SIGLEC1 (pp) PRF1","false","pp","SIGLEC1 (pp) PRF1","0.13",,,,,,"0.407","0.347"
"pp","SIGLEC1 (pp) IFI44L","false","pp","SIGLEC1 (pp) IFI44L","0.123",,,,,,"0.593","0.556"
"pp","SIGLEC1 (pp) CD8A","false","pp","SIGLEC1 (pp) CD8A","0.104",,,,,,"0.628","0.602"
"pp","SIGLEC1 (pp) MX1","false","pp","SIGLEC1 (pp) MX1","0.134",,,,,,"0.463","0.406"
"pp","SIGLEC1 (pp) IFIT1","false","pp","SIGLEC1 (pp) IFIT1","0.116",,,,,,"0.497","0.455"
"pp","SIGLEC1 (pp) IFI44","false","pp","SIGLEC1 (pp) IFI44","0.112",,,,,,"0.462","0.419"
"pp","ETV7 (pp) KIR2DL3","false","pp","ETV7 (pp) KIR2DL3",,,,,,,"0.504","0.504"
"pp","KIR2DL3 (pp) TIGIT","false","pp","KIR2DL3 (pp) TIGIT","0.095",,,,,,"0.457","0.425"
"pp","KIR2DL3 (pp) CD8A","false","pp","KIR2DL3 (pp) CD8A","0.098",,,,,,"0.626","0.603"
"pp","KIR2DL3 (pp) KLRF1","false","pp","KIR2DL3 (pp) KLRF1","0.152",,,,,,"0.574","0.519"
"pp","KIR2DL3 (pp) PRF1","false","pp","KIR2DL3 (pp) PRF1","0.143",,,,,,"0.7","0.665"
"pp","KIR2DL3 (pp) KLRD1","false","pp","KIR2DL3 (pp) KLRD1","0.09",,"0.8",,,,"0.972","0.86"
"pp","IFI6 (pp) IFI44L","false","pp","IFI6 (pp) IFI44L","0.815",,,,,,"0.952","0.753"
"pp","IFI6 (pp) ISG15","false","pp","IFI6 (pp) ISG15","0.874",,"0.9",,,,"0.996","0.715"
"pp","IFI6 (pp) LY6E","false","pp","IFI6 (pp) LY6E","0.319",,,,,,"0.686","0.559"
"pp","IFI6 (pp) RSAD2","false","pp","IFI6 (pp) RSAD2","0.734",,"0.9",,,,"0.989","0.653"
"pp","IFI6 (pp) IFIT1","false","pp","IFI6 (pp) IFIT1","0.817",,"0.9",,,,"0.994","0.708"
"pp","IFI6 (pp) IFIT3","false","pp","IFI6 (pp) IFIT3","0.783",,"0.9",,,,"0.992","0.681"
"pp","IFI6 (pp) MX1","false","pp","IFI6 (pp) MX1","0.848",,"0.9",,,,"0.994","0.69"
"pp","IFI6 (pp) IFI44","false","pp","IFI6 (pp) IFI44","0.804",,,,,,"0.94","0.711"
"pp","POLR2K (pp) PBX1","false","pp","POLR2K (pp) PBX1",,,"0.6",,,,"0.6",
"pp","JAK1 (pp) ISG15","false","pp","JAK1 (pp) ISG15",,,"0.6","0.102",,,"0.854","0.627"
"pp","JAK1 (pp) IL5RA","false","pp","JAK1 (pp) IL5RA",,,"0.6","0.27",,,"0.746","0.203"
"pp","JAK1 (pp) RSAD2","false","pp","JAK1 (pp) RSAD2",,,,"0.056",,,"0.423","0.414"
"pp","JAK1 (pp) CD8A","false","pp","JAK1 (pp) CD8A",,,,"0.056",,,"0.657","0.652"
"pp","JAK1 (pp) MX1","false","pp","JAK1 (pp) MX1",,,"0.5","0.059",,,"0.786","0.583"
"pp","JAK1 (pp) CD274","false","pp","JAK1 (pp) CD274","0.052",,,,,,"0.561","0.556"
"pp","JAK1 (pp) DNAJC6","false","pp","JAK1 (pp) DNAJC6","0.518",,,"0.111",,,"0.576","0.09"
"pp","JAK1 (pp) IFIT1","false","pp","JAK1 (pp) IFIT1","0.062",,"0.3","0.058",,,"0.622","0.461"
"pp","CLEC12B (pp) CLEC12A","false","pp","CLEC12B (pp) CLEC12A","0.489",,,,,,"0.554","0.163"
"pp","SIGLEC10 (pp) CD24","false","pp","SIGLEC10 (pp) CD24",,,,,,,"0.985","0.984"
"pp","BEND7 (pp) PRPF18","false","pp","BEND7 (pp) PRPF18",,,,,,,"0.765","0.765"
"pp","MYL4 (pp) GYPB","false","pp","MYL4 (pp) GYPB","0.55",,,,,,"0.55",
"pp","MYL4 (pp) ACTA2","false","pp","MYL4 (pp) ACTA2","0.065",,,"0.212",,,"0.433","0.293"
"pp","HP (pp) LCN2","false","pp","HP (pp) LCN2","0.065",,,,,,"0.551","0.54"
"pp","HP (pp) ARG1","false","pp","HP (pp) ARG1","0.161",,,,,,"0.441","0.362"
"pp","HP (pp) C4BPA","false","pp","HP (pp) C4BPA","0.174",,,,,,"0.421","0.329"
"pp","HP (pp) MMP9","false","pp","HP (pp) MMP9","0.062",,,,,,"0.868","0.866"
"pp","ARG1 (pp) CD274","false","pp","ARG1 (pp) CD274",,,,,,,"0.689","0.69"
"pp","ARG1 (pp) PRF1","false","pp","ARG1 (pp) PRF1","0.079",,,,,,"0.475","0.454"
"pp","ARG1 (pp) IDO1","false","pp","ARG1 (pp) IDO1","0.05",,,,,,"0.663","0.66"
"pp","ARG1 (pp) MMP9","false","pp","ARG1 (pp) MMP9",,,,,,,"0.569","0.57"
"pp","ARG1 (pp) CD8A","false","pp","ARG1 (pp) CD8A",,,,,,,"0.69","0.69"
"pp","KLRG1 (pp) TIGIT","false","pp","KLRG1 (pp) TIGIT",,,,,,,"0.622","0.623"
"pp","KLRG1 (pp) CD274","false","pp","KLRG1 (pp) CD274",,,,,,,"0.509","0.51"
"pp","KLRG1 (pp) MKI67","false","pp","KLRG1 (pp) MKI67",,,,,,,"0.423","0.423"
"pp","KLRG1 (pp) FCER1A","false","pp","KLRG1 (pp) FCER1A",,,"0.9",,,,"0.923","0.264"
"pp","KLRG1 (pp) TNFRSF9","false","pp","KLRG1 (pp) TNFRSF9",,,,,,,"0.549","0.549"
"pp","KLRG1 (pp) CD8A","false","pp","KLRG1 (pp) CD8A","0.1",,,,,,"0.776","0.762"
"pp","KLRG1 (pp) PRF1","false","pp","KLRG1 (pp) PRF1","0.097",,,,,,"0.673","0.653"
"pp","ATP2B4 (pp) SLC14A1","false","pp","ATP2B4 (pp) SLC14A1",,,,"0.305",,,"0.416","0.194"
"pp","ATP2B4 (pp) SLC8A1","false","pp","ATP2B4 (pp) SLC8A1","0.077",,,"0.093",,,"0.546","0.502"
"pp","EPHB4 (pp) MMP9","false","pp","EPHB4 (pp) MMP9",,,"0.9",,,,"0.92","0.241"
"pp","GYPE (pp) GYPB","false","pp","GYPE (pp) GYPB","0.537",,,,,,"0.556","0.082"
"pp","GYPA (pp) TRIM10","false","pp","GYPA (pp) TRIM10","0.467",,,,,,"0.467",
"pp","GYPA (pp) ACKR1","false","pp","GYPA (pp) ACKR1",,,,,,,"0.473","0.474"
"pp","GYPA (pp) ITGB3","false","pp","GYPA (pp) ITGB3",,,,,,,"0.637","0.637"
"pp","GYPA (pp) CD24","false","pp","GYPA (pp) CD24",,,,,,,"0.408","0.408"
"pp","GYPA (pp) GYPB","false","pp","GYPA (pp) GYPB","0.527",,"0.8",,,,"0.904","0.076"
"pp","GYPA (pp) CD8A","false","pp","GYPA (pp) CD8A",,,,,,,"0.557","0.557"
"pp","FCRL5 (pp) SLAMF7","false","pp","FCRL5 (pp) SLAMF7","0.111",,,,,,"0.436","0.392"
"pp","ABCG1 (pp) PHOSPHO1","false","pp","ABCG1 (pp) PHOSPHO1",,,,,,,"0.426","0.426"
"pp","C4BPA (pp) F5","false","pp","C4BPA (pp) F5","0.108",,,,,,"0.439","0.397"
"pp","C4BPA (pp) PROS1","false","pp","C4BPA (pp) PROS1","0.062",,"0.6","0.213",,,"0.926","0.78"
"pp","ASPM (pp) AHI1","false","pp","ASPM (pp) AHI1","0.063",,,,,,"0.668","0.661"
"pp","ASPM (pp) CENPK","false","pp","ASPM (pp) CENPK","0.593",,,,,,"0.708","0.312"
"pp","ASPM (pp) CKS2","false","pp","ASPM (pp) CKS2","0.918",,,,,,"0.926","0.143"
"pp","ASPM (pp) MKI67","false","pp","ASPM (pp) MKI67","0.932",,,"0.669",,,"0.985","0.427"
"pp","QSOX1 (pp) SOX6","false","pp","QSOX1 (pp) SOX6","0.062",,,,,,"0.572","0.563"
"pp","DNM3 (pp) HLA-DPB1","false","pp","DNM3 (pp) HLA-DPB1",,,"0.6",,,,"0.6",
"pp","DNM3 (pp) DNAJC6","false","pp","DNM3 (pp) DNAJC6","0.213",,,"0.342",,,"0.758","0.57"
"pp","DNM3 (pp) RAP1GAP","false","pp","DNM3 (pp) RAP1GAP","0.11",,,"0.117",,,"0.49","0.404"
"pp","DNM3 (pp) HLA-DQB1","false","pp","DNM3 (pp) HLA-DQB1",,,"0.6",,,,"0.6",
"pp","F5 (pp) SERPINE2","false","pp","F5 (pp) SERPINE2",,,"0.9","0.113",,,"0.907",
"pp","F5 (pp) MMRN1","false","pp","F5 (pp) MMRN1",,,,"0.628",,,"0.832","0.568"
"pp","F5 (pp) PROS1","false","pp","F5 (pp) PROS1","0.063",,"0.9","0.486",,,"0.972","0.501"
"pp","XCL1 (pp) CD8A","false","pp","XCL1 (pp) CD8A","0.125",,,,,,"0.631","0.596"
"pp","XCL1 (pp) PRF1","false","pp","XCL1 (pp) PRF1","0.098",,,,,,"0.423","0.387"
"pp","XCL1 (pp) CST7","false","pp","XCL1 (pp) CST7","0.429",,,,,,"0.461","0.096"
"pp","VNN1 (pp) LCN2","false","pp","VNN1 (pp) LCN2","0.123",,,,,,"0.474","0.425"
"pp","VNN1 (pp) VNN3","false","pp","VNN1 (pp) VNN3","0.111",,"0.8",,,,"0.82","0.071"
"pp","VNN1 (pp) SERPINE2","false","pp","VNN1 (pp) SERPINE2",,,,,,,"0.764","0.764"
"pp","FCRLA (pp) HLA-DOB","false","pp","FCRLA (pp) HLA-DOB","0.23",,,,,,"0.502","0.38"
"pp","FCRLA (pp) TCL1A","false","pp","FCRLA (pp) TCL1A","0.213",,,,,,"0.423","0.298"
"pp","SLAMF7 (pp) PRF1","false","pp","SLAMF7 (pp) PRF1","0.099",,,,,,"0.4","0.362"
"pp","SLAMF7 (pp) KLRF1","false","pp","SLAMF7 (pp) KLRF1","0.093",,,,,,"0.485","0.456"
"pp","SLAMF7 (pp) KLRD1","false","pp","SLAMF7 (pp) KLRD1","0.089",,,,,,"0.481","0.454"
"pp","SLAMF7 (pp) TNFRSF9","false","pp","SLAMF7 (pp) TNFRSF9","0.076",,,,,,"0.414","0.392"
"pp","SLAMF7 (pp) CD8A","false","pp","SLAMF7 (pp) CD8A","0.161",,,,,,"0.495","0.424"
"pp","SLAMF7 (pp) CD274","false","pp","SLAMF7 (pp) CD274","0.121",,,,,,"0.445","0.395"
"pp","FCER1A (pp) CD8A","false","pp","FCER1A (pp) CD8A","0.101",,,,,,"0.412","0.373"
"pp","ACKR1 (pp) RSAD2","false","pp","ACKR1 (pp) RSAD2",,,,,,,"0.691","0.691"
"pp","ACKR1 (pp) CD8A","false","pp","ACKR1 (pp) CD8A",,,,,,,"0.467","0.467"
"pp","RPS27 (pp) RPL35A","false","pp","RPS27 (pp) RPL35A","0.994",,,"0.981",,,"0.999","0.741"
"pp","RPS27 (pp) COX7C","false","pp","RPS27 (pp) COX7C","0.789",,,,,,"0.792","0.057"
"pp","RPS27 (pp) DOCK4","false","pp","RPS27 (pp) DOCK4","0.358",,,"0.693",,,"0.816","0.144"
"pp","RPS27 (pp) ISG15","false","pp","RPS27 (pp) ISG15","0.167",,,"0.346",,,"0.447","0.067"
"pp","RPS27 (pp) RPL31","false","pp","RPS27 (pp) RPL31","0.984",,,"0.985",,,"0.999","0.773"
"pp","MKI67 (pp) CKS2","false","pp","MKI67 (pp) CKS2","0.455",,,,,,"0.625","0.341"
"pp","MKI67 (pp) MMP9","false","pp","MKI67 (pp) MMP9",,,,,,,"0.516","0.517"
"pp","MKI67 (pp) CD24","false","pp","MKI67 (pp) CD24","0.079",,,,,,"0.405","0.381"
"pp","MKI67 (pp) CD8A","false","pp","MKI67 (pp) CD8A",,,,,,,"0.526","0.526"
"pp","MKI67 (pp) CENPK","false","pp","MKI67 (pp) CENPK","0.341",,,"0.391",,,"0.581",
"pp","MKI67 (pp) CD274","false","pp","MKI67 (pp) CD274",,,,,,,"0.449","0.449"
"pp","MKI67 (pp) ACTA2","false","pp","MKI67 (pp) ACTA2",,,,,,,"0.584","0.584"
"pp","IFI44 (pp) IFIT3","false","pp","IFI44 (pp) IFIT3","0.822",,,,,,"0.951","0.74"
"pp","IFI44 (pp) RSAD2","false","pp","IFI44 (pp) RSAD2","0.814",,,,,,"0.943","0.71"
"pp","IFI44 (pp) IFIT1","false","pp","IFI44 (pp) IFIT1","0.84",,,,,,"0.968","0.809"
"pp","IFI44 (pp) MX1","false","pp","IFI44 (pp) MX1","0.825",,,,,,"0.952","0.739"
"pp","IFI44 (pp) LY6E","false","pp","IFI44 (pp) LY6E","0.185",,,,,,"0.66","0.6"
"pp","IFI44 (pp) ISG15","false","pp","IFI44 (pp) ISG15","0.848",,,,,,"0.953","0.708"
"pp","IFI44 (pp) IFI44L","false","pp","IFI44 (pp) IFI44L","0.888",,,,,,"0.896","0.108"
"pp","IFI44 (pp) SPATS2L","false","pp","IFI44 (pp) SPATS2L","0.115",,,,,,"0.44","0.394"
"pp","IFI44 (pp) PARP14","false","pp","IFI44 (pp) PARP14","0.312",,,,,,"0.528","0.342"
"pp","IFI44L (pp) SPATS2L","false","pp","IFI44L (pp) SPATS2L","0.109",,,,,,"0.463","0.422"
"pp","IFI44L (pp) PARP14","false","pp","IFI44L (pp) PARP14","0.538",,,,,,"0.648","0.271"
"pp","IFI44L (pp) ISG15","false","pp","IFI44L (pp) ISG15","0.808",,,,,,"0.937","0.687"
"pp","IFI44L (pp) LY6E","false","pp","IFI44L (pp) LY6E","0.333",,,,,,"0.747","0.636"
"pp","IFI44L (pp) MX1","false","pp","IFI44L (pp) MX1","0.834",,,,,,"0.952","0.726"
"pp","IFI44L (pp) IFIT3","false","pp","IFI44L (pp) IFIT3","0.836",,,,,,"0.951","0.716"
"pp","IFI44L (pp) RSAD2","false","pp","IFI44L (pp) RSAD2","0.84",,,,,,"0.956","0.742"
"pp","IFI44L (pp) IFIT1","false","pp","IFI44L (pp) IFIT1","0.841",,,,,,"0.962","0.773"
"pp","DNAJC6 (pp) MX1","false","pp","DNAJC6 (pp) MX1","0.064",,,"0.342",,,"0.532","0.302"
"pp","DNAJC6 (pp) DNAJA4","false","pp","DNAJC6 (pp) DNAJA4","0.065",,,"0.091",,,"0.544","0.507"
"pp","IFIT1 (pp) PARP14","false","pp","IFIT1 (pp) PARP14","0.266",,,"0.06",,,"0.5","0.335"
"pp","IFIT1 (pp) LY6E","false","pp","IFIT1 (pp) LY6E","0.195",,,,,,"0.596","0.519"
"pp","IFIT1 (pp) ISG15","false","pp","IFIT1 (pp) ISG15","0.875",,"0.6","0.16",,,"0.994","0.884"
"pp","IFIT1 (pp) RSAD2","false","pp","IFIT1 (pp) RSAD2","0.886",,"0.9","0.154",,,"0.998","0.833"
"pp","IFIT1 (pp) IFIT3","false","pp","IFIT1 (pp) IFIT3","0.999",,"0.9","0.974",,,"0.999","0.135"
"pp","IFIT1 (pp) MX1","false","pp","IFIT1 (pp) MX1","0.914",,"0.5",,,,"0.994","0.884"
"pp","IFIT3 (pp) LY6E","false","pp","IFIT3 (pp) LY6E","0.202",,,,,,"0.631","0.557"
"pp","IFIT3 (pp) ISG15","false","pp","IFIT3 (pp) ISG15","0.841",,"0.9","0.16",,,"0.996","0.793"
"pp","IFIT3 (pp) RSAD2","false","pp","IFIT3 (pp) RSAD2","0.824",,"0.9","0.398",,,"0.996","0.716"
"pp","IFIT3 (pp) PARP14","false","pp","IFIT3 (pp) PARP14","0.689",,,"0.06",,,"0.785","0.325"
"pp","IFIT3 (pp) CD274","false","pp","IFIT3 (pp) CD274","0.279",,,,,,"0.419","0.228"
"pp","IFIT3 (pp) MX1","false","pp","IFIT3 (pp) MX1","0.838",,"0.9",,,,"0.995","0.763"
"pp","MMP9 (pp) CD274","false","pp","MMP9 (pp) CD274","0.096",,,,,,"0.488","0.457"
"pp","MMP9 (pp) ACTA2","false","pp","MMP9 (pp) ACTA2",,,,,,,"0.574","0.574"
"pp","MMP9 (pp) SERPINE2","false","pp","MMP9 (pp) SERPINE2",,,,"0.056",,,"0.591","0.585"
"pp","MMP9 (pp) NRG1","false","pp","MMP9 (pp) NRG1",,,,,,,"0.401","0.401"
"pp","MMP9 (pp) ITGB3","false","pp","MMP9 (pp) ITGB3","0.065",,,"0.069",,,"0.505","0.478"
"pp","MMP9 (pp) LCN2","false","pp","MMP9 (pp) LCN2","0.096",,"0.9","0.67",,,"0.999","0.989"
"pp","MMP9 (pp) IL1R1","false","pp","MMP9 (pp) IL1R1","0.062",,,,,,"0.436","0.424"
"pp","MMP9 (pp) SPP1","false","pp","MMP9 (pp) SPP1","0.111",,,,,,"0.717","0.695"
"pp","MMP9 (pp) SERPINB2","false","pp","MMP9 (pp) SERPINB2","0.096",,,"0.056",,,"0.471","0.43"
"pp","MMP9 (pp) CD8A","false","pp","MMP9 (pp) CD8A","0.087",,,,,,"0.619","0.6"
"pp","SPTAN1 (pp) ACTA2","false","pp","SPTAN1 (pp) ACTA2",,,,"0.35",,,"0.416","0.139"
"pp","LCN2 (pp) SPP1","false","pp","LCN2 (pp) SPP1","0.062",,,,,,"0.614","0.606"
"pp","LPAR1 (pp) ARHGEF12","false","pp","LPAR1 (pp) ARHGEF12","0.084",,,"0.213",,,"0.711","0.632"
"pp","LPAR1 (pp) CDA","false","pp","LPAR1 (pp) CDA",,,,,,,"0.536","0.536"
"pp","ALPL (pp) PHOSPHO1","false","pp","ALPL (pp) PHOSPHO1","0.061",,,,,,"0.665","0.658"
"pp","ALPL (pp) SPP1","false","pp","ALPL (pp) SPP1","0.065",,,,,,"0.708","0.701"
"pp","HLA-DQB1 (pp) HLA-DOB","false","pp","HLA-DQB1 (pp) HLA-DOB","0.127",,"0.72",,,,"0.754","0.076"
"pp","HLA-DQB1 (pp) CD274","false","pp","HLA-DQB1 (pp) CD274","0.064",,"0.9",,,,"0.925","0.268"
"pp","HLA-DQB1 (pp) HLA-DPB1","false","pp","HLA-DQB1 (pp) HLA-DPB1","0.273",,"0.72",,,,"0.794","0.073"
"pp","HLA-DQB1 (pp) MLLT4","false","pp","HLA-DQB1 (pp) MLLT4",,,,,,,"0.539","0.539"
"pp","HLA-DQB1 (pp) ABCA13","false","pp","HLA-DQB1 (pp) ABCA13",,,,,,,"0.475","0.475"
"pp","HLA-DQB1 (pp) CD8A","false","pp","HLA-DQB1 (pp) CD8A","0.099",,,,,,"0.454","0.419"
"pp","HLA-DQB1 (pp) SERPINB2","false","pp","HLA-DQB1 (pp) SERPINB2",,,,,,,"0.416","0.416"
"pp","ISCA1 (pp) FECH","false","pp","ISCA1 (pp) FECH","0.114",,,,,,"0.797","0.781"
"pp","ISG15 (pp) DOCK4","false","pp","ISG15 (pp) DOCK4","0.106",,,"0.348",,,"0.408","0.067"
"pp","ISG15 (pp) MX1","false","pp","ISG15 (pp) MX1","0.882",,"0.6","0.149",,,"0.994","0.881"
"pp","ISG15 (pp) CD8A","false","pp","ISG15 (pp) CD8A","0.062",,,,,,"0.468","0.457"
"pp","ISG15 (pp) RSAD2","false","pp","ISG15 (pp) RSAD2","0.825",,"0.9",,,,"0.997","0.883"
"pp","ISG15 (pp) LY6E","false","pp","ISG15 (pp) LY6E","0.352",,,,,,"0.699","0.556"
"pp","ISG15 (pp) RPL31","false","pp","ISG15 (pp) RPL31","0.192",,,"0.343",,,"0.474","0.09"
"pp","ISG15 (pp) RPL35A","false","pp","ISG15 (pp) RPL35A","0.186",,,"0.344",,,"0.455","0.063"
"pp","ISG15 (pp) PARP14","false","pp","ISG15 (pp) PARP14","0.645",,,,,,"0.768","0.373"
"pp","TUBB2A (pp) ACTA2","false","pp","TUBB2A (pp) ACTA2","0.085",,,"0.166",,,"0.453","0.342"
"pp","TUBB2A (pp) MX1","false","pp","TUBB2A (pp) MX1",,,,"0.259",,,"0.584","0.462"
"pp","TUBB2A (pp) JUP","false","pp","TUBB2A (pp) JUP",,,,"0.057",,,"0.418","0.408"
"pp","CD274 (pp) CLEC4C","false","pp","CD274 (pp) CLEC4C",,,,,,,"0.414","0.414"
"pp","CD274 (pp) TIGIT","false","pp","CD274 (pp) TIGIT","0.049",,,,,,"0.836","0.834"
"pp","CD274 (pp) TNFRSF9","false","pp","CD274 (pp) TNFRSF9","0.062",,,,,,"0.787","0.783"
"pp","CD274 (pp) CD200","false","pp","CD274 (pp) CD200","0.062",,,,,,"0.608","0.6"
"pp","CD274 (pp) HLA-DPB1","false","pp","CD274 (pp) HLA-DPB1","0.049",,"0.9",,,,"0.92","0.235"
"pp","CD274 (pp) KLRD1","false","pp","CD274 (pp) KLRD1",,,,,,,"0.558","0.558"
"pp","CD274 (pp) PRF1","false","pp","CD274 (pp) PRF1",,,,,,,"0.685","0.686"
"pp","CD274 (pp) MLLT4","false","pp","CD274 (pp) MLLT4",,,,,,,"0.426","0.426"
"pp","CD274 (pp) IDO1","false","pp","CD274 (pp) IDO1","0.108",,,,,,"0.835","0.823"
"pp","CD274 (pp) CD24","false","pp","CD274 (pp) CD24",,,,,,,"0.414","0.415"
"pp","CD274 (pp) CD8A","false","pp","CD274 (pp) CD8A","0.062",,,,,,"0.883","0.881"
"pp","CD274 (pp) SERPINB2","false","pp","CD274 (pp) SERPINB2","0.088",,,,,,"0.403","0.373"
"pp","KLRD1 (pp) PRF1","false","pp","KLRD1 (pp) PRF1","0.34",,,,,,"0.819","0.738"
"pp","KLRD1 (pp) KLRF1","false","pp","KLRD1 (pp) KLRF1","0.332",,,,,,"0.468","0.237"
"pp","KLRD1 (pp) CD8A","false","pp","KLRD1 (pp) CD8A","0.329",,,,,,"0.799","0.714"
"pp","KLRD1 (pp) TNFRSF9","false","pp","KLRD1 (pp) TNFRSF9","0.14",,,,,,"0.474","0.414"
"pp","KLRD1 (pp) LILRA5","false","pp","KLRD1 (pp) LILRA5","0.127",,,,,,"0.427","0.371"
"pp","KLRD1 (pp) TIGIT","false","pp","KLRD1 (pp) TIGIT","0.11",,,,,,"0.615","0.585"
"pp","RSAD2 (pp) PARP14","false","pp","RSAD2 (pp) PARP14","0.602",,,"0.4",,,"0.805","0.25"
"pp","RSAD2 (pp) MX1","false","pp","RSAD2 (pp) MX1","0.871",,"0.9",,,,"0.997","0.832"
"pp","RSAD2 (pp) LY6E","false","pp","RSAD2 (pp) LY6E","0.213",,,,,,"0.603","0.517"
"pp","FECH (pp) GYPB","false","pp","FECH (pp) GYPB","0.297",,,,,,"0.659","0.536"
"pp","FECH (pp) BPGM","false","pp","FECH (pp) BPGM","0.227",,,,,,"0.478","0.353"
"pp","MLLT4 (pp) CD24","false","pp","MLLT4 (pp) CD24","0.069",,,,,,"0.413","0.395"
"pp","MLLT4 (pp) CD8A","false","pp","MLLT4 (pp) CD8A",,,,,,,"0.603","0.604"
"pp","MLLT4 (pp) PTPRM","false","pp","MLLT4 (pp) PTPRM",,,"0.9",,,,"0.903","0.075"
"pp","MLLT4 (pp) RAP1GAP","false","pp","MLLT4 (pp) RAP1GAP",,,,"0.316",,,"0.683","0.556"
"pp","BPGM (pp) HEMGN","false","pp","BPGM (pp) HEMGN",,,,,,,"0.451","0.451"
"pp","DNAJA4 (pp) SERPINB2","false","pp","DNAJA4 (pp) SERPINB2",,,,,,,"0.483","0.484"
"pp","SPP1 (pp) ITGB3","false","pp","SPP1 (pp) ITGB3","0.049",,"0.9",,,,"0.945","0.469"
"pp","SPP1 (pp) ACTA2","false","pp","SPP1 (pp) ACTA2",,,,,,,"0.465","0.466"
"pp","SPP1 (pp) CD8A","false","pp","SPP1 (pp) CD8A",,,,,,,"0.45","0.45"
"pp","SPP1 (pp) CRISP3","false","pp","SPP1 (pp) CRISP3","0.049",,,,,,"0.569","0.566"
"pp","SOX6 (pp) CENPK","false","pp","SOX6 (pp) CENPK",,,,"0.27",,,"0.649","0.539"
"pp","SOX6 (pp) PBX1","false","pp","SOX6 (pp) PBX1",,,,,,,"0.509","0.509"
"pp","SLC12A1 (pp) SLC14A1","false","pp","SLC12A1 (pp) SLC14A1",,,,,,,"0.451","0.452"
"pp","SLC12A1 (pp) SERPINB2","false","pp","SLC12A1 (pp) SERPINB2",,,,,,,"0.422","0.423"
"pp","MX1 (pp) LY6E","false","pp","MX1 (pp) LY6E","0.234",,,,,,"0.71","0.638"
"pp","MX1 (pp) PARP14","false","pp","MX1 (pp) PARP14","0.508",,,,,"0.042","0.627","0.274"
"pp","MX1 (pp) CLEC4C","false","pp","MX1 (pp) CLEC4C",,,,,,,"0.465","0.466"
"pp","MX1 (pp) CD8A","false","pp","MX1 (pp) CD8A","0.062",,,,,,"0.573","0.564"
"pp","GRB10 (pp) ZFP57","false","pp","GRB10 (pp) ZFP57","0.062",,,,,,"0.498","0.487"
"pp","TCL1A (pp) CLEC4C","false","pp","TCL1A (pp) CLEC4C","0.065",,,,,,"0.554","0.543"
"pp","TCL1A (pp) MYBL1","false","pp","TCL1A (pp) MYBL1","0.052",,,,,,"0.46","0.454"
"pp","IL1R1 (pp) CD8A","false","pp","IL1R1 (pp) CD8A",,,,,,,"0.564","0.564"
"pp","CD8A (pp) HLA-DPB1","false","pp","CD8A (pp) HLA-DPB1","0.096",,,,,,"0.457","0.424"
"pp","CD8A (pp) CD24","false","pp","CD8A (pp) CD24",,,,,,,"0.681","0.681"
"pp","CD8A (pp) IDO1","false","pp","CD8A (pp) IDO1",,,,,,,"0.71","0.71"
"pp","CD8A (pp) PRF1","false","pp","CD8A (pp) PRF1","0.55",,,,,,"0.943","0.88"
"pp","CD8A (pp) TIGIT","false","pp","CD8A (pp) TIGIT","0.179",,,,,,"0.732","0.687"
"pp","CD8A (pp) CLEC4C","false","pp","CD8A (pp) CLEC4C",,,,,,,"0.602","0.602"
"pp","CD8A (pp) TNFRSF9","false","pp","CD8A (pp) TNFRSF9",,,,,,,"0.838","0.837"
"pp","CD8A (pp) CD200","false","pp","CD8A (pp) CD200",,,,,,,"0.508","0.508"
"pp","CD8A (pp) ITGB3","false","pp","CD8A (pp) ITGB3","0.062",,,,,,"0.404","0.391"
"pp","RPL31 (pp) DOCK4","false","pp","RPL31 (pp) DOCK4","0.653",,,"0.769",,,"0.94","0.322"
"pp","RPL31 (pp) RPL35A","false","pp","RPL31 (pp) RPL35A","0.997",,,"0.995",,,"0.999","0.841"
"pp","RPL31 (pp) COX7C","false","pp","RPL31 (pp) COX7C","0.792",,,,,,"0.833","0.235"
"pp","HLA-DOB (pp) HLA-DPB1","false","pp","HLA-DOB (pp) HLA-DPB1","0.13",,"0.9",,,,"0.912","0.071"
"pp","TRIM10 (pp) HLA-DPB1","false","pp","TRIM10 (pp) HLA-DPB1",,,,,,,"0.43","0.43"
"pp","SELENBP1 (pp) CA1","false","pp","SELENBP1 (pp) CA1","0.558",,,,,,"0.694","0.338"
"pp","LRRN3 (pp) DOCK4","false","pp","LRRN3 (pp) DOCK4","0.062",,,"0.14",,,"0.67","0.624"
"pp","PRF1 (pp) TIGIT","false","pp","PRF1 (pp) TIGIT","0.142",,,,,,"0.571","0.522"
"pp","PRF1 (pp) CST7","false","pp","PRF1 (pp) CST7","0.55",,,,,,"0.615","0.181"
"pp","PRF1 (pp) KLRF1","false","pp","PRF1 (pp) KLRF1","0.252",,,,,,"0.613","0.504"
"pp","PRF1 (pp) LY6E","false","pp","PRF1 (pp) LY6E",,,,,,,"0.436","0.436"
"pp","PRF1 (pp) IDO1","false","pp","PRF1 (pp) IDO1",,,,,,,"0.508","0.508"
"pp","PRF1 (pp) TNFRSF9","false","pp","PRF1 (pp) TNFRSF9",,,,,,,"0.626","0.627"
"pp","C14orf2 (pp) COX7C","false","pp","C14orf2 (pp) COX7C","0.743",,,,,,"0.749","0.066"
"pp","ACTA2 (pp) SERPINE2","false","pp","ACTA2 (pp) SERPINE2",,,,,,,"0.403","0.404"
"pp","DOCK4 (pp) RPL35A","false","pp","DOCK4 (pp) RPL35A","0.751",,,"0.782",,,"0.947","0.111"
"pp","DOCK4 (pp) RAP1GAP","false","pp","DOCK4 (pp) RAP1GAP","0.062",,,,,,"0.432","0.42"
"pp","TMEM176B (pp) TMEM176A","false","pp","TMEM176B (pp) TMEM176A","0.966",,,"0.272",,,"0.979","0.252"
"pp","CSGALNACT1 (pp) SESN3","false","pp","CSGALNACT1 (pp) SESN3",,,,,,,"0.577","0.578"
"pp","TIGIT (pp) IDO1","false","pp","TIGIT (pp) IDO1",,,,,,,"0.601","0.601"
"pp","TIGIT (pp) TNFRSF9","false","pp","TIGIT (pp) TNFRSF9","0.063",,,,,,"0.635","0.627"
"pp","RPL35A (pp) COX7C","false","pp","RPL35A (pp) COX7C","0.777",,,,,,"0.776",
"pp","GYPB (pp) CA1","false","pp","GYPB (pp) CA1","0.722",,,,,,"0.737","0.096"
"pp","LY6E (pp) IDO1","false","pp","LY6E (pp) IDO1",,,,,,,"0.411","0.411"
"pp","IDO1 (pp) CYP1B1","false","pp","IDO1 (pp) CYP1B1",,,"0.9",,,,"0.927","0.3"
"pp","IDO1 (pp) TNFRSF9","false","pp","IDO1 (pp) TNFRSF9",,,,,,,"0.558","0.558"
"pp","SESN3 (pp) NPRL3","false","pp","SESN3 (pp) NPRL3","0.065",,,"0.27",,,"0.724","0.628"
"pp","ITGB3 (pp) CD24","false","pp","ITGB3 (pp) CD24",,,,,,,"0.562","0.562"
"pp","KANK2 (pp) NPRL3","false","pp","KANK2 (pp) NPRL3",,,,,,,"0.624","0.625"
